Workbook

Sheet F series
A1: Corp. | B1: 기준가 | C1: 수량 | D1: 단가 | E1: 대비 | F1: Low | G1: High | H1: L date | I1: H (cf. L) | J1: H/L | K1: F2 | L1: F3 | M1: F4 | N1: F5 | O1: F series | P1: buy2(cf. H) | Q1: buy3(cf. 2) | R1: buy4(cf. 3) | S1: sell(cf. buy) | T1: sell date | U1: sell price | V1: rbn rate | X1: 50
C2: =IFERROR($X$1*10000/D2,"") | E2: =IFERROR(D2/B2-1,"") | J2: =IFERROR(G2/F2-1,"") | K2: =IFERROR(ROUND($F2+($G2-$F2)*0.632,0),"") -> 0 | L2: =IFERROR(ROUND($F2+($G2-$F2)*0.5,0),"") -> 0 | M2: =IFERROR(ROUND($F2+($G2-$F2)*0.368,0),"") -> 0 | N2: =IFERROR(ROUND($F2+($G2-$F2)*0.214,0),"") -> 0 | V2: {=IFERROR(_xlfn.IFS(O2="F2",U2/K2,O2="F23",U2/L2,O2="F234",U2/M2,O2="F3",U2/L2,O2="F34",U2/M2,O2="F234손절",U2/K2,O2="F2345손절",U2/K2,O2="F34손절",U2/L2,O2="F345손절",U2/L2)-1,"")}
A3: 와이즈버즈 | B3: 1674 | C3: =IFERROR($X$1*10000/D3,"") | E3: =IFERROR(D3/B3-1,"") -> -1 | J3: =IFERROR(G3/F3-1,"") | K3: =COUNTIFS('F series'!T12:T40,#REF!, 'F series'!O12:O40,#REF!) -> 0 | L3: =IFERROR(ROUND($F3+($G3-$F3)*0.5,0),"") -> 0 | M3: =IFERROR(ROUND($F3+($G3-$F3)*0.368,0),"") -> 0 | N3: =IFERROR(ROUND($F3+($G3-$F3)*0.214,0),"") -> 0 | V3: {=IFERROR(_xlfn.IFS(O3="F2",U3/K3,O3="F23",U3/L3,O3="F234",U3/M3,O3="F3",U3/L3,O3="F34",U3/M3,O3="F234손절",U3/K3,O3="F2345손절",U3/K3,O3="F34손절",U3/L3,O3="F345손절",U3/L3)-1,"")}
A4: 모비데이즈 | B4: 1212 | C4: =IFERROR($X$1*10000/D4,"") | E4: =IFERROR(D4/B4-1,"") -> -1 | J4: =IFERROR(G4/F4-1,"") | K4: =IFERROR(ROUND($F4+($G4-$F4)*0.632,0),"") -> 0 | L4: =IFERROR(ROUND($F4+($G4-$F4)*0.5,0),"") -> 0 | M4: =IFERROR(ROUND($F4+($G4-$F4)*0.368,0),"") -> 0 | N4: =IFERROR(ROUND($F4+($G4-$F4)*0.214,0),"") -> 0 | V4: {=IFERROR(_xlfn.IFS(O4="F2",U4/K4,O4="F23",U4/L4,O4="F234",U4/M4,O4="F3",U4/L4,O4="F34",U4/M4,O4="F234손절",U4/K4,O4="F2345손절",U4/K4,O4="F34손절",U4/L4,O4="F345손절",U4/L4)-1,"")}
A5: 플레이디 | B5: 6650 | C5: =IFERROR($X$1*10000/D5,"") | E5: =IFERROR(D5/B5-1,"") -> -1 | J5: =IFERROR(G5/F5-1,"") | K5: =IFERROR(ROUND($F5+($G5-$F5)*0.632,0),"") -> 0 | L5: =IFERROR(ROUND($F5+($G5-$F5)*0.5,0),"") -> 0 | M5: =IFERROR(ROUND($F5+($G5-$F5)*0.368,0),"") -> 0 | N5: =IFERROR(ROUND($F5+($G5-$F5)*0.214,0),"") -> 0 | V5: {=IFERROR(_xlfn.IFS(O5="F2",U5/K5,O5="F23",U5/L5,O5="F234",U5/M5,O5="F3",U5/L5,O5="F34",U5/M5,O5="F234손절",U5/K5,O5="F2345손절",U5/K5,O5="F34손절",U5/L5,O5="F345손절",U5/L5)-1,"")}
C6: =IFERROR($X$1*10000/D6,"") | E6: =IFERROR(D6/B6-1,"") | J6: =IFERROR(G6/F6-1,"") | K6: =IFERROR(ROUND($F6+($G6-$F6)*0.632,0),"") -> 0 | L6: =IFERROR(ROUND($F6+($G6-$F6)*0.5,0),"") -> 0 | M6: =IFERROR(ROUND($F6+($G6-$F6)*0.368,0),"") -> 0 | N6: =IFERROR(ROUND($F6+($G6-$F6)*0.214,0),"") -> 0 | V6: {=IFERROR(_xlfn.IFS(O6="F2",U6/K6,O6="F23",U6/L6,O6="F234",U6/M6,O6="F3",U6/L6,O6="F34",U6/M6,O6="F234손절",U6/K6,O6="F2345손절",U6/K6,O6="F34손절",U6/L6,O6="F345손절",U6/L6)-1,"")}
A7: 가온칩스 | B7: 37500 | C7: =IFERROR($X$1*10000/D7,"") -> 14.184397 | D7: 35250 | E7: =IFERROR(D7/B7-1,"") -> -0.06 | F7: 30700 | G7: 39850 | H7: 45107 | I7: +3 | J7: =IFERROR(G7/F7-1,"") -> 0.2980456 | K7: =IFERROR(ROUND($F7+($G7-$F7)*0.632,0),"") -> 36483 | L7: =IFERROR(ROUND($F7+($G7-$F7)*0.5,0),"") -> 35275 | M7: =IFERROR(ROUND($F7+($G7-$F7)*0.368,0),"") -> 34067 | N7: =IFERROR(ROUND($F7+($G7-$F7)*0.214,0),"") -> 32658 | P7: +2 | V7: {=IFERROR(_xlfn.IFS(O7="F2",U7/K7,O7="F23",U7/L7,O7="F234",U7/M7,O7="F3",U7/L7,O7="F34",U7/M7,O7="F234손절",U7/K7,O7="F2345손절",U7/K7,O7="F34손절",U7/L7,O7="F345손절",U7/L7)-1,"")}
A8: 마이크로투나노 | B8: 23100 | C8: =IFERROR($X$1*10000/D8,"") -> 23.094688 | D8: 21650 | E8: =IFERROR(D8/B8-1,"") -> -0.062770563 | F8: 18100 | G8: 25250 | H8: 45107 | I8: +3 | J8: =IFERROR(G8/F8-1,"") -> 0.39502762 | K8: =IFERROR(ROUND($F8+($G8-$F8)*0.632,0),"") -> 22619 | L8: =IFERROR(ROUND($F8+($G8-$F8)*0.5,0),"") -> 21675 | M8: =IFERROR(ROUND($F8+($G8-$F8)*0.368,0),"") -> 20731 | N8: =IFERROR(ROUND($F8+($G8-$F8)*0.214,0),"") -> 19630 | P8: +1 | V8: {=IFERROR(_xlfn.IFS(O8="F2",U8/K8,O8="F23",U8/L8,O8="F234",U8/M8,O8="F3",U8/L8,O8="F34",U8/M8,O8="F234손절",U8/K8,O8="F2345손절",U8/K8,O8="F34손절",U8/L8,O8="F345손절",U8/L8)-1,"")}
A9: 덕산하이메탈 | B9: 9240 | C9: =IFERROR($X$1*10000/D9,"") -> 59.594756 | D9: 8390 | E9: =IFERROR(D9/B9-1,"") -> -0.091991342 | F9: 6890 | G9: 9890 | H9: 45107 | I9: +5 | J9: =IFERROR(G9/F9-1,"") -> 0.43541364 | K9: =IFERROR(ROUND($F9+($G9-$F9)*0.632,0),"") -> 8786 | L9: =IFERROR(ROUND($F9+($G9-$F9)*0.5,0),"") -> 8390 | M9: =IFERROR(ROUND($F9+($G9-$F9)*0.368,0),"") -> 7994 | N9: =IFERROR(ROUND($F9+($G9-$F9)*0.214,0),"") -> 7532 | V9: {=IFERROR(_xlfn.IFS(O9="F2",U9/K9,O9="F23",U9/L9,O9="F234",U9/M9,O9="F3",U9/L9,O9="F34",U9/M9,O9="F234손절",U9/K9,O9="F2345손절",U9/K9,O9="F34손절",U9/L9,O9="F345손절",U9/L9)-1,"")}
A10: 칩스앤미디어 | B10: 36400 | C10: =IFERROR($X$1*10000/D10,"") -> 14.245014 | D10: 35100 | E10: =IFERROR(D10/B10-1,"") -> -0.035714286 | F10: 30600 | G10: 42950 | H10: 45107 | I10: +3 | J10: =IFERROR(G10/F10-1,"") -> 0.40359477 | K10: =IFERROR(ROUND($F10+($G10-$F10)*0.632,0),"") -> 38405 | L10: =IFERROR(ROUND($F10+($G10-$F10)*0.5,0),"") -> 36775 | M10: =IFERROR(ROUND($F10+($G10-$F10)*0.368,0),"") -> 35145 | N10: =IFERROR(ROUND($F10+($G10-$F10)*0.214,0),"") -> 33243 | P10: +1 | Q10: +1 | V10: {=IFERROR(_xlfn.IFS(O10="F2",U10/K10,O10="F23",U10/L10,O10="F234",U10/M10,O10="F3",U10/L10,O10="F34",U10/M10,O10="F234손절",U10/K10,O10="F2345손절",U10/K10,O10="F34손절",U10/L10,O10="F345손절",U10/L10)-1,"")}
A11: 프로텍 | B11: 56000 | C11: =IFERROR($X$1*10000/D11,"") | E11: =IFERROR(D11/B11-1,"") -> -1 | J11: =IFERROR(G11/F11-1,"") | K11: =IFERROR(ROUND($F11+($G11-$F11)*0.632,0),"") -> 0 | L11: =IFERROR(ROUND($F11+($G11-$F11)*0.5,0),"") -> 0 | M11: =IFERROR(ROUND($F11+($G11-$F11)*0.368,0),"") -> 0 | N11: =IFERROR(ROUND($F11+($G11-$F11)*0.214,0),"") -> 0 | V11: {=IFERROR(_xlfn.IFS(O11="F2",U11/K11,O11="F23",U11/L11,O11="F234",U11/M11,O11="F3",U11/L11,O11="F34",U11/M11,O11="F234손절",U11/K11,O11="F2345손절",U11/K11,O11="F34손절",U11/L11,O11="F345손절",U11/L11)-1,"")}
A12: 펨트론 | B12: 16200 | C12: =IFERROR($X$1*10000/D12,"") -> 32.071841 | D12: 15590 | E12: =IFERROR(D12/B12-1,"") -> -0.037654321 | F12: 13380 | G12: 19410 | H12: 45106 | I12: +3 | J12: =IFERROR(G12/F12-1,"") -> 0.45067265 | K12: =IFERROR(ROUND($F12+($G12-$F12)*0.632,0),"") -> 17191 | L12: =IFERROR(ROUND($F12+($G12-$F12)*0.5,0),"") -> 16395 | M12: =IFERROR(ROUND($F12+($G12-$F12)*0.368,0),"") -> 15599 | N12: =IFERROR(ROUND($F12+($G12-$F12)*0.214,0),"") -> 14670 | P12: +2 | Q12: +1 | V12: {=IFERROR(_xlfn.IFS(O12="F2",U12/K12,O12="F23",U12/L12,O12="F234",U12/M12,O12="F3",U12/L12,O12="F34",U12/M12,O12="F234손절",U12/K12,O12="F2345손절",U12/K12,O12="F34손절",U12/L12,O12="F345손절",U12/L12)-1,"")}
A13: 기가비스 | B13: 92200 | C13: =IFERROR($X$1*10000/D13,"") | E13: =IFERROR(D13/B13-1,"") -> -1 | J13: =IFERROR(G13/F13-1,"") | K13: =IFERROR(ROUND($F13+($G13-$F13)*0.632,0),"") -> 0 | L13: =IFERROR(ROUND($F13+($G13-$F13)*0.5,0),"") -> 0 | M13: =IFERROR(ROUND($F13+($G13-$F13)*0.368,0),"") -> 0 | N13: =IFERROR(ROUND($F13+($G13-$F13)*0.214,0),"") -> 0 | V13: {=IFERROR(_xlfn.IFS(O13="F2",U13/K13,O13="F23",U13/L13,O13="F234",U13/M13,O13="F3",U13/L13,O13="F34",U13/M13,O13="F234손절",U13/K13,O13="F2345손절",U13/K13,O13="F34손절",U13/L13,O13="F345손절",U13/L13)-1,"")}
A14: 티에프이 | B14: 22200 | C14: =IFERROR($X$1*10000/D14,"") -> 25.974026 | D14: 19250 | E14: =IFERROR(D14/B14-1,"") -> -0.13288288 | F14: 15580 | G14: 22950 | H14: 45111 | I14: +3 | J14: =IFERROR(G14/F14-1,"") -> 0.47304236 | K14: =IFERROR(ROUND($F14+($G14-$F14)*0.632,0),"") -> 20238 | L14: =IFERROR(ROUND($F14+($G14-$F14)*0.5,0),"") -> 19265 | M14: =IFERROR(ROUND($F14+($G14-$F14)*0.368,0),"") -> 18292 | N14: =IFERROR(ROUND($F14+($G14-$F14)*0.214,0),"") -> 17157 | V14: {=IFERROR(_xlfn.IFS(O14="F2",U14/K14,O14="F23",U14/L14,O14="F234",U14/M14,O14="F3",U14/L14,O14="F34",U14/M14,O14="F234손절",U14/K14,O14="F2345손절",U14/K14,O14="F34손절",U14/L14,O14="F345손절",U14/L14)-1,"")}
A15: 이수페타시스 | B15: 29400 | C15: =IFERROR($X$1*10000/D15,"") | E15: =IFERROR(D15/B15-1,"") -> -1 | J15: =IFERROR(G15/F15-1,"") | K15: =IFERROR(ROUND($F15+($G15-$F15)*0.632,0),"") -> 0 | L15: =IFERROR(ROUND($F15+($G15-$F15)*0.5,0),"") -> 0 | M15: =IFERROR(ROUND($F15+($G15-$F15)*0.368,0),"") -> 0 | N15: =IFERROR(ROUND($F15+($G15-$F15)*0.214,0),"") -> 0 | V15: {=IFERROR(_xlfn.IFS(O15="F2",U15/K15,O15="F23",U15/L15,O15="F234",U15/M15,O15="F3",U15/L15,O15="F34",U15/M15,O15="F234손절",U15/K15,O15="F2345손절",U15/K15,O15="F34손절",U15/L15,O15="F345손절",U15/L15)-1,"")}
C16: =IFERROR($X$1*10000/D16,"") | E16: =IFERROR(D16/B16-1,"") | J16: =IFERROR(G16/F16-1,"") | K16: =IFERROR(ROUND($F16+($G16-$F16)*0.632,0),"") -> 0 | L16: =IFERROR(ROUND($F16+($G16-$F16)*0.5,0),"") -> 0 | M16: =IFERROR(ROUND($F16+($G16-$F16)*0.368,0),"") -> 0 | N16: =IFERROR(ROUND($F16+($G16-$F16)*0.214,0),"") -> 0 | V16: {=IFERROR(_xlfn.IFS(O16="F2",U16/K16,O16="F23",U16/L16,O16="F234",U16/M16,O16="F3",U16/L16,O16="F34",U16/M16,O16="F234손절",U16/K16,O16="F2345손절",U16/K16,O16="F34손절",U16/L16,O16="F345손절",U16/L16)-1,"")}
A17: 루닛 | B17: 183100 | C17: =IFERROR($X$1*10000/D17,"") | E17: =IFERROR(D17/B17-1,"") -> -1 | J17: =IFERROR(G17/F17-1,"") | K17: =IFERROR(ROUND($F17+($G17-$F17)*0.632,0),"") -> 0 | L17: =IFERROR(ROUND($F17+($G17-$F17)*0.5,0),"") -> 0 | M17: =IFERROR(ROUND($F17+($G17-$F17)*0.368,0),"") -> 0 | N17: =IFERROR(ROUND($F17+($G17-$F17)*0.214,0),"") -> 0 | V17: {=IFERROR(_xlfn.IFS(O17="F2",U17/K17,O17="F23",U17/L17,O17="F234",U17/M17,O17="F3",U17/L17,O17="F34",U17/M17,O17="F234손절",U17/K17,O17="F2345손절",U17/K17,O17="F34손절",U17/L17,O17="F345손절",U17/L17)-1,"")}
A18: 뷰노 | B18: 31700 | C18: =IFERROR($X$1*10000/D18,"") | E18: =IFERROR(D18/B18-1,"") -> -1 | J18: =IFERROR(G18/F18-1,"") | K18: =IFERROR(ROUND($F18+($G18-$F18)*0.632,0),"") -> 0 | L18: =IFERROR(ROUND($F18+($G18-$F18)*0.5,0),"") -> 0 | M18: =IFERROR(ROUND($F18+($G18-$F18)*0.368,0),"") -> 0 | N18: =IFERROR(ROUND($F18+($G18-$F18)*0.214,0),"") -> 0 | V18: {=IFERROR(_xlfn.IFS(O18="F2",U18/K18,O18="F23",U18/L18,O18="F234",U18/M18,O18="F3",U18/L18,O18="F34",U18/M18,O18="F234손절",U18/K18,O18="F2345손절",U18/K18,O18="F34손절",U18/L18,O18="F345손절",U18/L18)-1,"")}
A19: 지니너스 | B19: 3335 | C19: =IFERROR($X$1*10000/D19,"") | E19: =IFERROR(D19/B19-1,"") -> -1 | J19: =IFERROR(G19/F19-1,"") | K19: =COUNTIFS('F series'!T28:T56,#REF!, 'F series'!O28:O56,#REF!) -> 0 | L19: =IFERROR(ROUND($F19+($G19-$F19)*0.5,0),"") -> 0 | M19: =IFERROR(ROUND($F19+($G19-$F19)*0.368,0),"") -> 0 | N19: =IFERROR(ROUND($F19+($G19-$F19)*0.214,0),"") -> 0 | V19: {=IFERROR(_xlfn.IFS(O19="F2",U19/K19,O19="F23",U19/L19,O19="F234",U19/M19,O19="F3",U19/L19,O19="F34",U19/M19,O19="F234손절",U19/K19,O19="F2345손절",U19/K19,O19="F34손절",U19/L19,O19="F345손절",U19/L19)-1,"")}
A20: 인성정보 | B20: 3500 | C20: =IFERROR($X$1*10000/D20,"") | E20: =IFERROR(D20/B20-1,"") -> -1 | J20: =IFERROR(G20/F20-1,"") | K20: =IFERROR(ROUND($F20+($G20-$F20)*0.632,0),"") -> 0 | L20: =IFERROR(ROUND($F20+($G20-$F20)*0.5,0),"") -> 0 | M20: =IFERROR(ROUND($F20+($G20-$F20)*0.368,0),"") -> 0 | N20: =IFERROR(ROUND($F20+($G20-$F20)*0.214,0),"") -> 0 | V20: {=IFERROR(_xlfn.IFS(O20="F2",U20/K20,O20="F23",U20/L20,O20="F234",U20/M20,O20="F3",U20/L20,O20="F34",U20/M20,O20="F234손절",U20/K20,O20="F2345손절",U20/K20,O20="F34손절",U20/L20,O20="F345손절",U20/L20)-1,"")}
C21: =IFERROR($X$1*10000/D21,"") | E21: =IFERROR(D21/B21-1,"") | J21: =IFERROR(G21/F21-1,"") | K21: =IFERROR(ROUND($F21+($G21-$F21)*0.632,0),"") -> 0 | L21: =IFERROR(ROUND($F21+($G21-$F21)*0.5,0),"") -> 0 | M21: =IFERROR(ROUND($F21+($G21-$F21)*0.368,0),"") -> 0 | N21: =IFERROR(ROUND($F21+($G21-$F21)*0.214,0),"") -> 0 | V21: {=IFERROR(_xlfn.IFS(O21="F2",U21/K21,O21="F23",U21/L21,O21="F234",U21/M21,O21="F3",U21/L21,O21="F34",U21/M21,O21="F234손절",U21/K21,O21="F2345손절",U21/K21,O21="F34손절",U21/L21,O21="F345손절",U21/L21)-1,"")}
A22: 큐렉소 | B22: 18800 | C22: =IFERROR($X$1*10000/D22,"") | E22: =IFERROR(D22/B22-1,"") -> -1 | J22: =IFERROR(G22/F22-1,"") | K22: =IFERROR(ROUND($F22+($G22-$F22)*0.632,0),"") -> 0 | L22: =IFERROR(ROUND($F22+($G22-$F22)*0.5,0),"") -> 0 | M22: =IFERROR(ROUND($F22+($G22-$F22)*0.368,0),"") -> 0 | N22: =IFERROR(ROUND($F22+($G22-$F22)*0.214,0),"") -> 0 | V22: {=IFERROR(_xlfn.IFS(O22="F2",U22/K22,O22="F23",U22/L22,O22="F234",U22/M22,O22="F3",U22/L22,O22="F34",U22/M22,O22="F234손절",U22/K22,O22="F2345손절",U22/K22,O22="F34손절",U22/L22,O22="F345손절",U22/L22)-1,"")}
A23: 미래컴퍼니 | B23: 35700 | C23: =IFERROR($X$1*10000/D23,"") | E23: =IFERROR(D23/B23-1,"") -> -1 | J23: =IFERROR(G23/F23-1,"") | K23: =IFERROR(ROUND($F23+($G23-$F23)*0.632,0),"") -> 0 | L23: =IFERROR(ROUND($F23+($G23-$F23)*0.5,0),"") -> 0 | M23: =IFERROR(ROUND($F23+($G23-$F23)*0.368,0),"") -> 0 | N23: =IFERROR(ROUND($F23+($G23-$F23)*0.214,0),"") -> 0 | V23: {=IFERROR(_xlfn.IFS(O23="F2",U23/K23,O23="F23",U23/L23,O23="F234",U23/M23,O23="F3",U23/L23,O23="F34",U23/M23,O23="F234손절",U23/K23,O23="F2345손절",U23/K23,O23="F34손절",U23/L23,O23="F345손절",U23/L23)-1,"")}
C24: =IFERROR($X$1*10000/D24,"") | E24: =IFERROR(D24/B24-1,"") | J24: =IFERROR(G24/F24-1,"") | K24: =IFERROR(ROUND($F24+($G24-$F24)*0.632,0),"") -> 0 | L24: =IFERROR(ROUND($F24+($G24-$F24)*0.5,0),"") -> 0 | M24: =IFERROR(ROUND($F24+($G24-$F24)*0.368,0),"") -> 0 | N24: =IFERROR(ROUND($F24+($G24-$F24)*0.214,0),"") -> 0 | V24: {=IFERROR(_xlfn.IFS(O24="F2",U24/K24,O24="F23",U24/L24,O24="F234",U24/M24,O24="F3",U24/L24,O24="F34",U24/M24,O24="F234손절",U24/K24,O24="F2345손절",U24/K24,O24="F34손절",U24/L24,O24="F345손절",U24/L24)-1,"")}
A25: 신성이엔지 | B25: 2600 | C25: =IFERROR($X$1*10000/D25,"") -> 206.18557 | D25: 2425 | E25: =IFERROR(D25/B25-1,"") -> -0.067307692 | F25: 2070 | G25: 3035 | H25: 45104 | I25: +4 | J25: =IFERROR(G25/F25-1,"") -> 0.46618357 | K25: =IFERROR(ROUND($F25+($G25-$F25)*0.632,0),"") -> 2680 | L25: =IFERROR(ROUND($F25+($G25-$F25)*0.5,0),"") -> 2553 | M25: =IFERROR(ROUND($F25+($G25-$F25)*0.368,0),"") -> 2425 | N25: =IFERROR(ROUND($F25+($G25-$F25)*0.214,0),"") -> 2277 | P25: +2 | Q25: +1 | V25: {=IFERROR(_xlfn.IFS(O25="F2",U25/K25,O25="F23",U25/L25,O25="F234",U25/M25,O25="F3",U25/L25,O25="F34",U25/M25,O25="F234손절",U25/K25,O25="F2345손절",U25/K25,O25="F34손절",U25/L25,O25="F345손절",U25/L25)-1,"")}
A26: 케이엔솔 | B26: 11880 | C26: =IFERROR($X$1*10000/D26,"") -> 44.404973 | D26: 11260 | E26: =IFERROR(D26/B26-1,"") -> -0.052188552 | F26: 9990 | G26: 13460 | H26: 45105 | I26: +3 | J26: =IFERROR(G26/F26-1,"") -> 0.34734735 | K26: =IFERROR(ROUND($F26+($G26-$F26)*0.632,0),"") -> 12183 | L26: =IFERROR(ROUND($F26+($G26-$F26)*0.5,0),"") -> 11725 | M26: =IFERROR(ROUND($F26+($G26-$F26)*0.368,0),"") -> 11267 | N26: =IFERROR(ROUND($F26+($G26-$F26)*0.214,0),"") -> 10733 | P26: +2 | Q26: +1 | V26: {=IFERROR(_xlfn.IFS(O26="F2",U26/K26,O26="F23",U26/L26,O26="F234",U26/M26,O26="F3",U26/L26,O26="F34",U26/M26,O26="F234손절",U26/K26,O26="F2345손절",U26/K26,O26="F34손절",U26/L26,O26="F345손절",U26/L26)-1,"")}
C27: =IFERROR($X$1*10000/D27,"") | E27: =IFERROR(D27/B27-1,"") | J27: =IFERROR(G27/F27-1,"") | K27: =COUNTIFS('F series'!T36:T64,#REF!, 'F series'!O36:O64,#REF!) -> 0 | L27: =IFERROR(ROUND($F27+($G27-$F27)*0.5,0),"") -> 0 | M27: =IFERROR(ROUND($F27+($G27-$F27)*0.368,0),"") -> 0 | N27: =IFERROR(ROUND($F27+($G27-$F27)*0.214,0),"") -> 0 | V27: {=IFERROR(_xlfn.IFS(O27="F2",U27/K27,O27="F23",U27/L27,O27="F234",U27/M27,O27="F3",U27/L27,O27="F34",U27/M27,O27="F234손절",U27/K27,O27="F2345손절",U27/K27,O27="F34손절",U27/L27,O27="F345손절",U27/L27)-1,"")}
A28: 풍국주정 | B28: 15470 | C28: =IFERROR($X$1*10000/D28,"") | E28: =IFERROR(D28/B28-1,"") -> -1 | J28: =IFERROR(G28/F28-1,"") | K28: =IFERROR(ROUND($F28+($G28-$F28)*0.632,0),"") -> 0 | L28: =IFERROR(ROUND($F28+($G28-$F28)*0.5,0),"") -> 0 | M28: =IFERROR(ROUND($F28+($G28-$F28)*0.368,0),"") -> 0 | N28: =IFERROR(ROUND($F28+($G28-$F28)*0.214,0),"") -> 0 | V28: {=IFERROR(_xlfn.IFS(O28="F2",U28/K28,O28="F23",U28/L28,O28="F234",U28/M28,O28="F3",U28/L28,O28="F34",U28/M28,O28="F234손절",U28/K28,O28="F2345손절",U28/K28,O28="F34손절",U28/L28,O28="F345손절",U28/L28)-1,"")}
A29: 한일화학 | B29: 27500 | C29: =IFERROR($X$1*10000/D29,"") -> 19.53125 | D29: 25600 | E29: =IFERROR(D29/B29-1,"") -> -0.069090909 | F29: 20350 | G29: 30900 | H29: 45112 | I29: +2 | J29: =IFERROR(G29/F29-1,"") -> 0.51842752 | K29: =IFERROR(ROUND($F29+($G29-$F29)*0.632,0),"") -> 27018 | L29: =IFERROR(ROUND($F29+($G29-$F29)*0.5,0),"") -> 25625 | M29: =IFERROR(ROUND($F29+($G29-$F29)*0.368,0),"") -> 24232 | N29: =IFERROR(ROUND($F29+($G29-$F29)*0.214,0),"") -> 22608 | P29: +0 | V29: {=IFERROR(_xlfn.IFS(O29="F2",U29/K29,O29="F23",U29/L29,O29="F234",U29/M29,O29="F3",U29/L29,O29="F34",U29/M29,O29="F234손절",U29/K29,O29="F2345손절",U29/K29,O29="F34손절",U29/L29,O29="F345손절",U29/L29)-1,"")}
A30: STX | B30: 13240 | C30: =IFERROR($X$1*10000/D30,"") | E30: =IFERROR(D30/B30-1,"") -> -1 | F30: 8790 | G30: 13890 | H30: 45106 | I30: +5 | J30: =IFERROR(G30/F30-1,"") -> 0.58020478 | K30: =IFERROR(ROUND($F30+($G30-$F30)*0.632,0),"") -> 12013 | L30: =IFERROR(ROUND($F30+($G30-$F30)*0.5,0),"") -> 11340 | M30: =IFERROR(ROUND($F30+($G30-$F30)*0.368,0),"") -> 10667 | N30: =IFERROR(ROUND($F30+($G30-$F30)*0.214,0),"") -> 9881 | V30: {=IFERROR(_xlfn.IFS(O30="F2",U30/K30,O30="F23",U30/L30,O30="F234",U30/M30,O30="F3",U30/L30,O30="F34",U30/M30,O30="F234손절",U30/K30,O30="F2345손절",U30/K30,O30="F34손절",U30/L30,O30="F345손절",U30/L30)-1,"")}
A31: RF머트리얼즈 | B31: 13640 | C31: =IFERROR($X$1*10000/D31,"") | E31: =IFERROR(D31/B31-1,"") -> -1 | J31: =IFERROR(G31/F31-1,"") | K31: =IFERROR(ROUND($F31+($G31-$F31)*0.632,0),"") -> 0 | L31: =IFERROR(ROUND($F31+($G31-$F31)*0.5,0),"") -> 0 | M31: =IFERROR(ROUND($F31+($G31-$F31)*0.368,0),"") -> 0 | N31: =IFERROR(ROUND($F31+($G31-$F31)*0.214,0),"") -> 0 | V31: {=IFERROR(_xlfn.IFS(O31="F2",U31/K31,O31="F23",U31/L31,O31="F234",U31/M31,O31="F3",U31/L31,O31="F34",U31/M31,O31="F234손절",U31/K31,O31="F2345손절",U31/K31,O31="F34손절",U31/L31,O31="F345손절",U31/L31)-1,"")}
A32: 동국알앤에스 | B32: 5200 | C32: =IFERROR($X$1*10000/D32,"") -> 101.62602 | D32: 4920 | E32: =IFERROR(D32/B32-1,"") -> -0.053846154 | F32: 4090 | G32: 6350 | H32: 45107 | I32: +5 | J32: =IFERROR(G32/F32-1,"") -> 0.55256724 | K32: =IFERROR(ROUND($F32+($G32-$F32)*0.632,0),"") -> 5518 | L32: =IFERROR(ROUND($F32+($G32-$F32)*0.5,0),"") -> 5220 | M32: =IFERROR(ROUND($F32+($G32-$F32)*0.368,0),"") -> 4922 | N32: =IFERROR(ROUND($F32+($G32-$F32)*0.214,0),"") -> 4574 | P32: +0 | Q32: +0 | V32: {=IFERROR(_xlfn.IFS(O32="F2",U32/K32,O32="F23",U32/L32,O32="F234",U32/M32,O32="F3",U32/L32,O32="F34",U32/M32,O32="F234손절",U32/K32,O32="F2345손절",U32/K32,O32="F34손절",U32/L32,O32="F345손절",U32/L32)-1,"")}
A33: 성안 | B33: 2220 | C33: =IFERROR($X$1*10000/D33,"") | E33: =IFERROR(D33/B33-1,"") -> -1 | J33: =IFERROR(G33/F33-1,"") | K33: =IFERROR(ROUND($F33+($G33-$F33)*0.632,0),"") -> 0 | L33: =IFERROR(ROUND($F33+($G33-$F33)*0.5,0),"") -> 0 | M33: =IFERROR(ROUND($F33+($G33-$F33)*0.368,0),"") -> 0 | N33: =IFERROR(ROUND($F33+($G33-$F33)*0.214,0),"") -> 0 | V33: {=IFERROR(_xlfn.IFS(O33="F2",U33/K33,O33="F23",U33/L33,O33="F234",U33/M33,O33="F3",U33/L33,O33="F34",U33/M33,O33="F234손절",U33/K33,O33="F2345손절",U33/K33,O33="F34손절",U33/L33,O33="F345손절",U33/L33)-1,"")}
C34: =IFERROR($X$1*10000/D34,"") | E34: =IFERROR(D34/B34-1,"") | J34: =IFERROR(G34/F34-1,"") | K34: =COUNTIFS('F series'!T43:T71,#REF!, 'F series'!O43:O71,#REF!) -> 0 | L34: =IFERROR(ROUND($F34+($G34-$F34)*0.5,0),"") -> 0 | M34: =IFERROR(ROUND($F34+($G34-$F34)*0.368,0),"") -> 0 | N34: =IFERROR(ROUND($F34+($G34-$F34)*0.214,0),"") -> 0 | V34: {=IFERROR(_xlfn.IFS(O34="F2",U34/K34,O34="F23",U34/L34,O34="F234",U34/M34,O34="F3",U34/L34,O34="F34",U34/M34,O34="F234손절",U34/K34,O34="F2345손절",U34/K34,O34="F34손절",U34/L34,O34="F345손절",U34/L34)-1,"")}
A35: 금양 | B35: 83000 | C35: =IFERROR($X$1*10000/D35,"") -> 6.5616798 | D35: 76200 | E35: =IFERROR(D35/B35-1,"") -> -0.081927711 | F35: 56500 | G35: 87800 | H35: 45111 | I35: +3 | J35: =IFERROR(G35/F35-1,"") -> 0.5539823 | K35: =IFERROR(ROUND($F35+($G35-$F35)*0.632,0),"") -> 76282 | L35: =IFERROR(ROUND($F35+($G35-$F35)*0.5,0),"") -> 72150 | M35: =IFERROR(ROUND($F35+($G35-$F35)*0.368,0),"") -> 68018 | N35: =IFERROR(ROUND($F35+($G35-$F35)*0.214,0),"") -> 63198 | V35: {=IFERROR(_xlfn.IFS(O35="F2",U35/K35,O35="F23",U35/L35,O35="F234",U35/M35,O35="F3",U35/L35,O35="F34",U35/M35,O35="F234손절",U35/K35,O35="F2345손절",U35/K35,O35="F34손절",U35/L35,O35="F345손절",U35/L35)-1,"")}
A36: 롯데에너지머티리얼즈 | B36: 54700 | C36: =IFERROR($X$1*10000/D36,"") | E36: =IFERROR(D36/B36-1,"") -> -1 | J36: =IFERROR(G36/F36-1,"") | K36: =IFERROR(ROUND($F36+($G36-$F36)*0.632,0),"") -> 0 | L36: =IFERROR(ROUND($F36+($G36-$F36)*0.5,0),"") -> 0 | M36: =IFERROR(ROUND($F36+($G36-$F36)*0.368,0),"") -> 0 | N36: =IFERROR(ROUND($F36+($G36-$F36)*0.214,0),"") -> 0 | V36: {=IFERROR(_xlfn.IFS(O36="F2",U36/K36,O36="F23",U36/L36,O36="F234",U36/M36,O36="F3",U36/L36,O36="F34",U36/M36,O36="F234손절",U36/K36,O36="F2345손절",U36/K36,O36="F34손절",U36/L36,O36="F345손절",U36/L36)-1,"")}
A37: 코스모화학 | B37: 56400 | C37: =IFERROR($X$1*10000/D37,"") | E37: =IFERROR(D37/B37-1,"") -> -1 | J37: =IFERROR(G37/F37-1,"") | K37: =IFERROR(ROUND($F37+($G37-$F37)*0.632,0),"") -> 0 | L37: =IFERROR(ROUND($F37+($G37-$F37)*0.5,0),"") -> 0 | M37: =IFERROR(ROUND($F37+($G37-$F37)*0.368,0),"") -> 0 | N37: =IFERROR(ROUND($F37+($G37-$F37)*0.214,0),"") -> 0 | V37: {=IFERROR(_xlfn.IFS(O37="F2",U37/K37,O37="F23",U37/L37,O37="F234",U37/M37,O37="F3",U37/L37,O37="F34",U37/M37,O37="F234손절",U37/K37,O37="F2345손절",U37/K37,O37="F34손절",U37/L37,O37="F345손절",U37/L37)-1,"")}
A38: 에코프로 | B38: 980000 | C38: =IFERROR($X$1*10000/D38,"") | E38: =IFERROR(D38/B38-1,"") -> -1 | J38: =IFERROR(G38/F38-1,"") | K38: =IFERROR(ROUND($F38+($G38-$F38)*0.632,0),"") -> 0 | L38: =IFERROR(ROUND($F38+($G38-$F38)*0.5,0),"") -> 0 | M38: =IFERROR(ROUND($F38+($G38-$F38)*0.368,0),"") -> 0 | N38: =IFERROR(ROUND($F38+($G38-$F38)*0.214,0),"") -> 0 | V38: {=IFERROR(_xlfn.IFS(O38="F2",U38/K38,O38="F23",U38/L38,O38="F234",U38/M38,O38="F3",U38/L38,O38="F34",U38/M38,O38="F234손절",U38/K38,O38="F2345손절",U38/K38,O38="F34손절",U38/L38,O38="F345손절",U38/L38)-1,"")}
A39: 테라사이언스 | B39: 6230 | C39: =IFERROR($X$1*10000/D39,"") | E39: =IFERROR(D39/B39-1,"") -> -1 | J39: =IFERROR(G39/F39-1,"") | K39: =IFERROR(ROUND($F39+($G39-$F39)*0.632,0),"") -> 0 | L39: =IFERROR(ROUND($F39+($G39-$F39)*0.5,0),"") -> 0 | M39: =IFERROR(ROUND($F39+($G39-$F39)*0.368,0),"") -> 0 | N39: =IFERROR(ROUND($F39+($G39-$F39)*0.214,0),"") -> 0 | V39: {=IFERROR(_xlfn.IFS(O39="F2",U39/K39,O39="F23",U39/L39,O39="F234",U39/M39,O39="F3",U39/L39,O39="F34",U39/M39,O39="F234손절",U39/K39,O39="F2345손절",U39/K39,O39="F34손절",U39/L39,O39="F345손절",U39/L39)-1,"")}
A40: 하나기술 | B40: 97900 | C40: =IFERROR($X$1*10000/D40,"") -> 5.5865922 | D40: 89500 | E40: =IFERROR(D40/B40-1,"") -> -0.085801839 | F40: 74400 | G40: 104700 | H40: 45103 | I40: +8 | J40: =IFERROR(G40/F40-1,"") -> 0.40725806 | K40: =IFERROR(ROUND($F40+($G40-$F40)*0.632,0),"") -> 93550 | L40: =IFERROR(ROUND($F40+($G40-$F40)*0.5,0),"") -> 89550 | M40: =IFERROR(ROUND($F40+($G40-$F40)*0.368,0),"") -> 85550 | N40: =IFERROR(ROUND($F40+($G40-$F40)*0.214,0),"") -> 80884 | V40: {=IFERROR(_xlfn.IFS(O40="F2",U40/K40,O40="F23",U40/L40,O40="F234",U40/M40,O40="F3",U40/L40,O40="F34",U40/M40,O40="F234손절",U40/K40,O40="F2345손절",U40/K40,O40="F34손절",U40/L40,O40="F345손절",U40/L40)-1,"")}
A41: 대원강업 | B41: 6340 | C41: =IFERROR($X$1*10000/D41,"") -> 84.317032 | D41: 5930 | E41: =IFERROR(D41/B41-1,"") -> -0.06466877 | F41: 4495 | G41: 7370 | H41: 45111 | I41: +3 | J41: =IFERROR(G41/F41-1,"") -> 0.63959956 | K41: =IFERROR(ROUND($F41+($G41-$F41)*0.632,0),"") -> 6312 | L41: =IFERROR(ROUND($F41+($G41-$F41)*0.5,0),"") -> 5933 | M41: =IFERROR(ROUND($F41+($G41-$F41)*0.368,0),"") -> 5553 | N41: =IFERROR(ROUND($F41+($G41-$F41)*0.214,0),"") -> 5110 | P41: +0 | V41: {=IFERROR(_xlfn.IFS(O41="F2",U41/K41,O41="F23",U41/L41,O41="F234",U41/M41,O41="F3",U41/L41,O41="F34",U41/M41,O41="F234손절",U41/K41,O41="F2345손절",U41/K41,O41="F34손절",U41/L41,O41="F345손절",U41/L41)-1,"")}
C42: =IFERROR($X$1*10000/D42,"") | E42: =IFERROR(D42/B42-1,"") | J42: =IFERROR(G42/F42-1,"") | K42: =COUNTIFS('F series'!T51:T79,#REF!, 'F series'!O51:O79,#REF!) -> 0 | L42: =IFERROR(ROUND($F42+($G42-$F42)*0.5,0),"") -> 0 | M42: =IFERROR(ROUND($F42+($G42-$F42)*0.368,0),"") -> 0 | N42: =IFERROR(ROUND($F42+($G42-$F42)*0.214,0),"") -> 0 | V42: {=IFERROR(_xlfn.IFS(O42="F2",U42/K42,O42="F23",U42/L42,O42="F234",U42/M42,O42="F3",U42/L42,O42="F34",U42/M42,O42="F234손절",U42/K42,O42="F2345손절",U42/K42,O42="F34손절",U42/L42,O42="F345손절",U42/L42)-1,"")}
A43: 성우하이텍 | B43: 13720 | C43: =IFERROR($X$1*10000/D43,"") | E43: =IFERROR(D43/B43-1,"") -> -1 | F43: 9400 | G43: 14120 | H43: 45111 | I43: +3 | J43: =IFERROR(G43/F43-1,"") -> 0.50212766 | K43: =IFERROR(ROUND($F43+($G43-$F43)*0.632,0),"") -> 12383 | L43: =IFERROR(ROUND($F43+($G43-$F43)*0.5,0),"") -> 11760 | M43: =IFERROR(ROUND($F43+($G43-$F43)*0.368,0),"") -> 11137 | N43: =IFERROR(ROUND($F43+($G43-$F43)*0.214,0),"") -> 10410 | V43: {=IFERROR(_xlfn.IFS(O43="F2",U43/K43,O43="F23",U43/L43,O43="F234",U43/M43,O43="F3",U43/L43,O43="F34",U43/M43,O43="F234손절",U43/K43,O43="F2345손절",U43/K43,O43="F34손절",U43/L43,O43="F345손절",U43/L43)-1,"")}
A44: 덕양산업 | B44: 9080 | C44: =IFERROR($X$1*10000/D44,"") | E44: =IFERROR(D44/B44-1,"") -> -1 | J44: =IFERROR(G44/F44-1,"") | K44: =IFERROR(ROUND($F44+($G44-$F44)*0.632,0),"") -> 0 | L44: =IFERROR(ROUND($F44+($G44-$F44)*0.5,0),"") -> 0 | M44: =IFERROR(ROUND($F44+($G44-$F44)*0.368,0),"") -> 0 | N44: =IFERROR(ROUND($F44+($G44-$F44)*0.214,0),"") -> 0 | V44: {=IFERROR(_xlfn.IFS(O44="F2",U44/K44,O44="F23",U44/L44,O44="F234",U44/M44,O44="F3",U44/L44,O44="F34",U44/M44,O44="F234손절",U44/K44,O44="F2345손절",U44/K44,O44="F34손절",U44/L44,O44="F345손절",U44/L44)-1,"")}
A45: 에코플라스틱 | B45: 7430 | C45: =IFERROR($X$1*10000/D45,"") | E45: =IFERROR(D45/B45-1,"") -> -1 | J45: =IFERROR(G45/F45-1,"") | K45: =IFERROR(ROUND($F45+($G45-$F45)*0.632,0),"") -> 0 | L45: =IFERROR(ROUND($F45+($G45-$F45)*0.5,0),"") -> 0 | M45: =IFERROR(ROUND($F45+($G45-$F45)*0.368,0),"") -> 0 | N45: =IFERROR(ROUND($F45+($G45-$F45)*0.214,0),"") -> 0 | V45: {=IFERROR(_xlfn.IFS(O45="F2",U45/K45,O45="F23",U45/L45,O45="F234",U45/M45,O45="F3",U45/L45,O45="F34",U45/M45,O45="F234손절",U45/K45,O45="F2345손절",U45/K45,O45="F34손절",U45/L45,O45="F345손절",U45/L45)-1,"")}
A46: 서연이화 | B46: 22950 | C46: =IFERROR($X$1*10000/D46,"") -> 22.779043 | D46: 21950 | E46: =IFERROR(D46/B46-1,"") -> -0.043572985 | F46: 18420 | G46: 25500 | H46: 45110 | I46: +3 | J46: =IFERROR(G46/F46-1,"") -> 0.38436482 | K46: =IFERROR(ROUND($F46+($G46-$F46)*0.632,0),"") -> 22895 | L46: =IFERROR(ROUND($F46+($G46-$F46)*0.5,0),"") -> 21960 | M46: =IFERROR(ROUND($F46+($G46-$F46)*0.368,0),"") -> 21025 | N46: =IFERROR(ROUND($F46+($G46-$F46)*0.214,0),"") -> 19935 | P46: +1 | V46: {=IFERROR(_xlfn.IFS(O46="F2",U46/K46,O46="F23",U46/L46,O46="F234",U46/M46,O46="F3",U46/L46,O46="F34",U46/M46,O46="F234손절",U46/K46,O46="F2345손절",U46/K46,O46="F34손절",U46/L46,O46="F345손절",U46/L46)-1,"")}
A47: 알루코 | B47: 4980 | C47: =IFERROR($X$1*10000/D47,"") | E47: =IFERROR(D47/B47-1,"") -> -1 | J47: =IFERROR(G47/F47-1,"") | K47: =IFERROR(ROUND($F47+($G47-$F47)*0.632,0),"") -> 0 | L47: =IFERROR(ROUND($F47+($G47-$F47)*0.5,0),"") -> 0 | M47: =IFERROR(ROUND($F47+($G47-$F47)*0.368,0),"") -> 0 | N47: =IFERROR(ROUND($F47+($G47-$F47)*0.214,0),"") -> 0 | V47: {=IFERROR(_xlfn.IFS(O47="F2",U47/K47,O47="F23",U47/L47,O47="F234",U47/M47,O47="F3",U47/L47,O47="F34",U47/M47,O47="F234손절",U47/K47,O47="F2345손절",U47/K47,O47="F34손절",U47/L47,O47="F345손절",U47/L47)-1,"")}
A48: 삼보모터스 | B48: 7250 | C48: =IFERROR($X$1*10000/D48,"") -> 72.3589 | D48: 6910 | E48: =IFERROR(D48/B48-1,"") -> -0.046896552 | F48: 5980 | G48: 7850 | H48: 45106 | I48: +1 | J48: =IFERROR(G48/F48-1,"") -> 0.31270903 | K48: =IFERROR(ROUND($F48+($G48-$F48)*0.632,0),"") -> 7162 | L48: =IFERROR(ROUND($F48+($G48-$F48)*0.5,0),"") -> 6915 | M48: =IFERROR(ROUND($F48+($G48-$F48)*0.368,0),"") -> 6668 | N48: =IFERROR(ROUND($F48+($G48-$F48)*0.214,0),"") -> 6380 | P48: +5 | V48: {=IFERROR(_xlfn.IFS(O48="F2",U48/K48,O48="F23",U48/L48,O48="F234",U48/M48,O48="F3",U48/L48,O48="F34",U48/M48,O48="F234손절",U48/K48,O48="F2345손절",U48/K48,O48="F34손절",U48/L48,O48="F345손절",U48/L48)-1,"")}
A49: 아진산업 | B49: 7170 | C49: =IFERROR($X$1*10000/D49,"") -> 73.855244 | D49: 6770 | E49: =IFERROR(D49/B49-1,"") -> -0.055788006 | F49: 6010 | G49: 8100 | H49: 45106 | I49: +5 | J49: =IFERROR(G49/F49-1,"") -> 0.34775374 | K49: =IFERROR(ROUND($F49+($G49-$F49)*0.632,0),"") -> 7331 | L49: =IFERROR(ROUND($F49+($G49-$F49)*0.5,0),"") -> 7055 | M49: =IFERROR(ROUND($F49+($G49-$F49)*0.368,0),"") -> 6779 | N49: =IFERROR(ROUND($F49+($G49-$F49)*0.214,0),"") -> 6457 | P49: +1 | V49: {=IFERROR(_xlfn.IFS(O49="F2",U49/K49,O49="F23",U49/L49,O49="F234",U49/M49,O49="F3",U49/L49,O49="F34",U49/M49,O49="F234손절",U49/K49,O49="F2345손절",U49/K49,O49="F34손절",U49/L49,O49="F345손절",U49/L49)-1,"")}
C50: =IFERROR($X$1*10000/D50,"") | E50: =IFERROR(D50/B50-1,"") | J50: =IFERROR(G50/F50-1,"") | K50: =COUNTIFS('F series'!T59:T87,#REF!, 'F series'!O59:O87,#REF!) -> 0 | L50: =IFERROR(ROUND($F50+($G50-$F50)*0.5,0),"") -> 0 | M50: =IFERROR(ROUND($F50+($G50-$F50)*0.368,0),"") -> 0 | N50: =IFERROR(ROUND($F50+($G50-$F50)*0.214,0),"") -> 0 | V50: {=IFERROR(_xlfn.IFS(O50="F2",U50/K50,O50="F23",U50/L50,O50="F234",U50/M50,O50="F3",U50/L50,O50="F34",U50/M50,O50="F234손절",U50/K50,O50="F2345손절",U50/K50,O50="F34손절",U50/L50,O50="F345손절",U50/L50)-1,"")}
A51: 제일전기공업 | B51: 13890 | C51: =IFERROR($X$1*10000/D51,"") | E51: =IFERROR(D51/B51-1,"") -> -1 | F51: 11420 | G51: 16830 | H51: 45106 | I51: +3 | J51: =IFERROR(G51/F51-1,"") -> 0.4737303 | K51: =IFERROR(ROUND($F51+($G51-$F51)*0.632,0),"") -> 14839 | L51: =IFERROR(ROUND($F51+($G51-$F51)*0.5,0),"") -> 14125 | M51: =IFERROR(ROUND($F51+($G51-$F51)*0.368,0),"") -> 13411 | N51: =IFERROR(ROUND($F51+($G51-$F51)*0.214,0),"") -> 12578 | P51: +0 | Q51: +2 | V51: {=IFERROR(_xlfn.IFS(O51="F2",U51/K51,O51="F23",U51/L51,O51="F234",U51/M51,O51="F3",U51/L51,O51="F34",U51/M51,O51="F234손절",U51/K51,O51="F2345손절",U51/K51,O51="F34손절",U51/L51,O51="F345손절",U51/L51)-1,"")}
A52: 에스트래픽 | B52: 5260 | C52: =IFERROR($X$1*10000/D52,"") | E52: =IFERROR(D52/B52-1,"") -> -1 | J52: =IFERROR(G52/F52-1,"") | K52: =IFERROR(ROUND($F52+($G52-$F52)*0.632,0),"") -> 0 | L52: =IFERROR(ROUND($F52+($G52-$F52)*0.5,0),"") -> 0 | M52: =IFERROR(ROUND($F52+($G52-$F52)*0.368,0),"") -> 0 | N52: =IFERROR(ROUND($F52+($G52-$F52)*0.214,0),"") -> 0 | V52: {=IFERROR(_xlfn.IFS(O52="F2",U52/K52,O52="F23",U52/L52,O52="F234",U52/M52,O52="F3",U52/L52,O52="F34",U52/M52,O52="F234손절",U52/K52,O52="F2345손절",U52/K52,O52="F34손절",U52/L52,O52="F345손절",U52/L52)-1,"")}
A53: 유라테크 | B53: 11370 | C53: =IFERROR($X$1*10000/D53,"") | E53: =IFERROR(D53/B53-1,"") -> -1 | J53: =IFERROR(G53/F53-1,"") | K53: =IFERROR(ROUND($F53+($G53-$F53)*0.632,0),"") -> 0 | L53: =IFERROR(ROUND($F53+($G53-$F53)*0.5,0),"") -> 0 | M53: =IFERROR(ROUND($F53+($G53-$F53)*0.368,0),"") -> 0 | N53: =IFERROR(ROUND($F53+($G53-$F53)*0.214,0),"") -> 0 | V53: {=IFERROR(_xlfn.IFS(O53="F2",U53/K53,O53="F23",U53/L53,O53="F234",U53/M53,O53="F3",U53/L53,O53="F34",U53/M53,O53="F234손절",U53/K53,O53="F2345손절",U53/K53,O53="F34손절",U53/L53,O53="F345손절",U53/L53)-1,"")}
C54: =IFERROR($X$1*10000/D54,"") | E54: =IFERROR(D54/B54-1,"") | J54: =IFERROR(G54/F54-1,"") | K54: =IFERROR(ROUND($F54+($G54-$F54)*0.632,0),"") -> 0 | L54: =IFERROR(ROUND($F54+($G54-$F54)*0.5,0),"") -> 0 | M54: =IFERROR(ROUND($F54+($G54-$F54)*0.368,0),"") -> 0 | N54: =IFERROR(ROUND($F54+($G54-$F54)*0.214,0),"") -> 0 | V54: {=IFERROR(_xlfn.IFS(O54="F2",U54/K54,O54="F23",U54/L54,O54="F234",U54/M54,O54="F3",U54/L54,O54="F34",U54/M54,O54="F234손절",U54/K54,O54="F2345손절",U54/K54,O54="F34손절",U54/L54,O54="F345손절",U54/L54)-1,"")}
A55: 상보 | B55: 2040 | C55: =IFERROR($X$1*10000/D55,"") | E55: =IFERROR(D55/B55-1,"") -> -1 | J55: =IFERROR(G55/F55-1,"") | K55: =IFERROR(ROUND($F55+($G55-$F55)*0.632,0),"") -> 0 | L55: =IFERROR(ROUND($F55+($G55-$F55)*0.5,0),"") -> 0 | M55: =IFERROR(ROUND($F55+($G55-$F55)*0.368,0),"") -> 0 | N55: =IFERROR(ROUND($F55+($G55-$F55)*0.214,0),"") -> 0 | V55: {=IFERROR(_xlfn.IFS(O55="F2",U55/K55,O55="F23",U55/L55,O55="F234",U55/M55,O55="F3",U55/L55,O55="F34",U55/M55,O55="F234손절",U55/K55,O55="F2345손절",U55/K55,O55="F34손절",U55/L55,O55="F345손절",U55/L55)-1,"")}
A56: 태경비케이 | B56: 8420 | C56: =IFERROR($X$1*10000/D56,"") | E56: =IFERROR(D56/B56-1,"") -> -1 | J56: =IFERROR(G56/F56-1,"") | K56: =IFERROR(ROUND($F56+($G56-$F56)*0.632,0),"") -> 0 | L56: =IFERROR(ROUND($F56+($G56-$F56)*0.5,0),"") -> 0 | M56: =IFERROR(ROUND($F56+($G56-$F56)*0.368,0),"") -> 0 | N56: =IFERROR(ROUND($F56+($G56-$F56)*0.214,0),"") -> 0 | V56: {=IFERROR(_xlfn.IFS(O56="F2",U56/K56,O56="F23",U56/L56,O56="F234",U56/M56,O56="F3",U56/L56,O56="F34",U56/M56,O56="F234손절",U56/K56,O56="F2345손절",U56/K56,O56="F34손절",U56/L56,O56="F345손절",U56/L56)-1,"")}
C57: =IFERROR($X$1*10000/D57,"") | E57: =IFERROR(D57/B57-1,"") | J57: =IFERROR(G57/F57-1,"") | K57: =IFERROR(ROUND($F57+($G57-$F57)*0.632,0),"") -> 0 | L57: =IFERROR(ROUND($F57+($G57-$F57)*0.5,0),"") -> 0 | M57: =IFERROR(ROUND($F57+($G57-$F57)*0.368,0),"") -> 0 | N57: =IFERROR(ROUND($F57+($G57-$F57)*0.214,0),"") -> 0 | V57: {=IFERROR(_xlfn.IFS(O57="F2",U57/K57,O57="F23",U57/L57,O57="F234",U57/M57,O57="F3",U57/L57,O57="F34",U57/M57,O57="F234손절",U57/K57,O57="F2345손절",U57/K57,O57="F34손절",U57/L57,O57="F345손절",U57/L57)-1,"")}
A58: 엠에스씨 | B58: 7230 | C58: =IFERROR($X$1*10000/D58,"") -> 72.04611 | D58: 6940 | E58: =IFERROR(D58/B58-1,"") -> -0.04011065 | F58: 5810 | G58: 8900 | H58: 45106 | I58: +2 | J58: =IFERROR(G58/F58-1,"") -> 0.53184165 | K58: =IFERROR(ROUND($F58+($G58-$F58)*0.632,0),"") -> 7763 | L58: =IFERROR(ROUND($F58+($G58-$F58)*0.5,0),"") -> 7355 | M58: =IFERROR(ROUND($F58+($G58-$F58)*0.368,0),"") -> 6947 | N58: =IFERROR(ROUND($F58+($G58-$F58)*0.214,0),"") -> 6471 | Q58: +3 | V58: {=IFERROR(_xlfn.IFS(O58="F2",U58/K58,O58="F23",U58/L58,O58="F234",U58/M58,O58="F3",U58/L58,O58="F34",U58/M58,O58="F234손절",U58/K58,O58="F2345손절",U58/K58,O58="F34손절",U58/L58,O58="F345손절",U58/L58)-1,"")}
A59: 대한제당 | B59: 3275 | C59: =IFERROR($X$1*10000/D59,"") | E59: =IFERROR(D59/B59-1,"") -> -1 | J59: =IFERROR(G59/F59-1,"") | K59: =IFERROR(ROUND($F59+($G59-$F59)*0.632,0),"") -> 0 | L59: =IFERROR(ROUND($F59+($G59-$F59)*0.5,0),"") -> 0 | M59: =IFERROR(ROUND($F59+($G59-$F59)*0.368,0),"") -> 0 | N59: =IFERROR(ROUND($F59+($G59-$F59)*0.214,0),"") -> 0 | V59: {=IFERROR(_xlfn.IFS(O59="F2",U59/K59,O59="F23",U59/L59,O59="F234",U59/M59,O59="F3",U59/L59,O59="F34",U59/M59,O59="F234손절",U59/K59,O59="F2345손절",U59/K59,O59="F34손절",U59/L59,O59="F345손절",U59/L59)-1,"")}
C60: =IFERROR($X$1*10000/D60,"") | E60: =IFERROR(D60/B60-1,"") | J60: =IFERROR(G60/F60-1,"") | K60: =IFERROR(ROUND($F60+($G60-$F60)*0.632,0),"") -> 0 | L60: =IFERROR(ROUND($F60+($G60-$F60)*0.5,0),"") -> 0 | M60: =IFERROR(ROUND($F60+($G60-$F60)*0.368,0),"") -> 0 | N60: =IFERROR(ROUND($F60+($G60-$F60)*0.214,0),"") -> 0 | V60: {=IFERROR(_xlfn.IFS(O60="F2",U60/K60,O60="F23",U60/L60,O60="F234",U60/M60,O60="F3",U60/L60,O60="F34",U60/M60,O60="F234손절",U60/K60,O60="F2345손절",U60/K60,O60="F34손절",U60/L60,O60="F345손절",U60/L60)-1,"")}
A61: 파이버프로 | B61: 4405 | C61: =IFERROR($X$1*10000/D61,"") | E61: =IFERROR(D61/B61-1,"") -> -1 | F61: 3910 | G61: 5300 | H61: 45106 | I61: +2 | J61: =IFERROR(G61/F61-1,"") -> 0.35549872 | K61: =IFERROR(ROUND($F61+($G61-$F61)*0.632,0),"") -> 4788 | L61: =IFERROR(ROUND($F61+($G61-$F61)*0.5,0),"") -> 4605 | M61: =IFERROR(ROUND($F61+($G61-$F61)*0.368,0),"") -> 4422 | N61: =IFERROR(ROUND($F61+($G61-$F61)*0.214,0),"") -> 4207 | P61: +0 | Q61: +4 | R61: +1 | V61: {=IFERROR(_xlfn.IFS(O61="F2",U61/K61,O61="F23",U61/L61,O61="F234",U61/M61,O61="F3",U61/L61,O61="F34",U61/M61,O61="F234손절",U61/K61,O61="F2345손절",U61/K61,O61="F34손절",U61/L61,O61="F345손절",U61/L61)-1,"")}
A62: 기산텔레콤 | B62: 3360 | C62: =IFERROR($X$1*10000/D62,"") | E62: =IFERROR(D62/B62-1,"") -> -1 | J62: =IFERROR(G62/F62-1,"") | K62: =IFERROR(ROUND($F62+($G62-$F62)*0.632,0),"") -> 0 | L62: =IFERROR(ROUND($F62+($G62-$F62)*0.5,0),"") -> 0 | M62: =IFERROR(ROUND($F62+($G62-$F62)*0.368,0),"") -> 0 | N62: =IFERROR(ROUND($F62+($G62-$F62)*0.214,0),"") -> 0 | V62: {=IFERROR(_xlfn.IFS(O62="F2",U62/K62,O62="F23",U62/L62,O62="F234",U62/M62,O62="F3",U62/L62,O62="F34",U62/M62,O62="F234손절",U62/K62,O62="F2345손절",U62/K62,O62="F34손절",U62/L62,O62="F345손절",U62/L62)-1,"")}
C63: =IFERROR($X$1*10000/D63,"") | E63: =IFERROR(D63/B63-1,"") | J63: =IFERROR(G63/F63-1,"") | K63: =IFERROR(ROUND($F63+($G63-$F63)*0.632,0),"") -> 0 | L63: =IFERROR(ROUND($F63+($G63-$F63)*0.5,0),"") -> 0 | M63: =IFERROR(ROUND($F63+($G63-$F63)*0.368,0),"") -> 0 | N63: =IFERROR(ROUND($F63+($G63-$F63)*0.214,0),"") -> 0 | V63: {=IFERROR(_xlfn.IFS(O63="F2",U63/K63,O63="F23",U63/L63,O63="F234",U63/M63,O63="F3",U63/L63,O63="F34",U63/M63,O63="F234손절",U63/K63,O63="F2345손절",U63/K63,O63="F34손절",U63/L63,O63="F345손절",U63/L63)-1,"")}
A64: 신스틸 | B64: 5170 | C64: =IFERROR($X$1*10000/D64,"") -> 112.99435 | D64: 4425 | E64: =IFERROR(D64/B64-1,"") -> -0.14410058 | F64: 3345 | G64: 5510 | H64: 45103 | I64: +8 | J64: =IFERROR(G64/F64-1,"") -> 0.64723468 | K64: =IFERROR(ROUND($F64+($G64-$F64)*0.632,0),"") -> 4713 | L64: =IFERROR(ROUND($F64+($G64-$F64)*0.5,0),"") -> 4428 | M64: =IFERROR(ROUND($F64+($G64-$F64)*0.368,0),"") -> 4142 | N64: =IFERROR(ROUND($F64+($G64-$F64)*0.214,0),"") -> 3808 | V64: {=IFERROR(_xlfn.IFS(O64="F2",U64/K64,O64="F23",U64/L64,O64="F234",U64/M64,O64="F3",U64/L64,O64="F34",U64/M64,O64="F234손절",U64/K64,O64="F2345손절",U64/K64,O64="F34손절",U64/L64,O64="F345손절",U64/L64)-1,"")}
C65: =IFERROR($X$1*10000/D65,"") | E65: =IFERROR(D65/B65-1,"") | J65: =IFERROR(G65/F65-1,"") | K65: =IFERROR(ROUND($F65+($G65-$F65)*0.632,0),"") -> 0 | L65: =IFERROR(ROUND($F65+($G65-$F65)*0.5,0),"") -> 0 | M65: =IFERROR(ROUND($F65+($G65-$F65)*0.368,0),"") -> 0 | N65: =IFERROR(ROUND($F65+($G65-$F65)*0.214,0),"") -> 0 | V65: {=IFERROR(_xlfn.IFS(O65="F2",U65/K65,O65="F23",U65/L65,O65="F234",U65/M65,O65="F3",U65/L65,O65="F34",U65/M65,O65="F234손절",U65/K65,O65="F2345손절",U65/K65,O65="F34손절",U65/L65,O65="F345손절",U65/L65)-1,"")}
A66: 다산네트웍스 | B66: 6890 | C66: =IFERROR($X$1*10000/D66,"") | E66: =IFERROR(D66/B66-1,"") -> -1 | F66: 4830 | G66: 갱신 | H66: 45113 | J66: =IFERROR(G66/F66-1,"") | K66: =IFERROR(ROUND($F66+($G66-$F66)*0.632,0),"") | L66: =IFERROR(ROUND($F66+($G66-$F66)*0.5,0),"") | M66: =IFERROR(ROUND($F66+($G66-$F66)*0.368,0),"") | N66: =IFERROR(ROUND($F66+($G66-$F66)*0.214,0),"") | V66: {=IFERROR(_xlfn.IFS(O66="F2",U66/K66,O66="F23",U66/L66,O66="F234",U66/M66,O66="F3",U66/L66,O66="F34",U66/M66,O66="F234손절",U66/K66,O66="F2345손절",U66/K66,O66="F34손절",U66/L66,O66="F345손절",U66/L66)-1,"")}
A67: 알비케이그룹 | B67: 2215 | C67: =IFERROR($X$1*10000/D67,"") -> 243.90244 | D67: 2050 | E67: =IFERROR(D67/B67-1,"") -> -0.074492099 | F67: 1731 | G67: 2375 | H67: 45113 | J67: =IFERROR(G67/F67-1,"") -> 0.37203928 | K67: =IFERROR(ROUND($F67+($G67-$F67)*0.632,0),"") -> 2138 | L67: =IFERROR(ROUND($F67+($G67-$F67)*0.5,0),"") -> 2053 | M67: =IFERROR(ROUND($F67+($G67-$F67)*0.368,0),"") -> 1968 | N67: =IFERROR(ROUND($F67+($G67-$F67)*0.214,0),"") -> 1869 | P67: +0 | V67: {=IFERROR(_xlfn.IFS(O67="F2",U67/K67,O67="F23",U67/L67,O67="F234",U67/M67,O67="F3",U67/L67,O67="F34",U67/M67,O67="F234손절",U67/K67,O67="F2345손절",U67/K67,O67="F34손절",U67/L67,O67="F345손절",U67/L67)-1,"")}
A68: 삼부토건 | B68: 3910 | C68: =IFERROR($X$1*10000/D68,"") -> 141.84397 | D68: 3525 | E68: =IFERROR(D68/B68-1,"") -> -0.098465473 | F68: 2980 | G68: 4075 | H68: 45110 | I68: +5 | J68: =IFERROR(G68/F68-1,"") -> 0.36744966 | K68: =IFERROR(ROUND($F68+($G68-$F68)*0.632,0),"") -> 3672 | L68: =IFERROR(ROUND($F68+($G68-$F68)*0.5,0),"") -> 3528 | M68: =IFERROR(ROUND($F68+($G68-$F68)*0.368,0),"") -> 3383 | N68: =IFERROR(ROUND($F68+($G68-$F68)*0.214,0),"") -> 3214 | V68: {=IFERROR(_xlfn.IFS(O68="F2",U68/K68,O68="F23",U68/L68,O68="F234",U68/M68,O68="F3",U68/L68,O68="F34",U68/M68,O68="F234손절",U68/K68,O68="F2345손절",U68/K68,O68="F34손절",U68/L68,O68="F345손절",U68/L68)-1,"")}
A69: 에스와이 | B69: 5550 | C69: =IFERROR($X$1*10000/D69,"") | E69: =IFERROR(D69/B69-1,"") -> -1 | J69: =IFERROR(G69/F69-1,"") | K69: =IFERROR(ROUND($F69+($G69-$F69)*0.632,0),"") -> 0 | L69: =IFERROR(ROUND($F69+($G69-$F69)*0.5,0),"") -> 0 | M69: =IFERROR(ROUND($F69+($G69-$F69)*0.368,0),"") -> 0 | N69: =IFERROR(ROUND($F69+($G69-$F69)*0.214,0),"") -> 0 | V69: {=IFERROR(_xlfn.IFS(O69="F2",U69/K69,O69="F23",U69/L69,O69="F234",U69/M69,O69="F3",U69/L69,O69="F34",U69/M69,O69="F234손절",U69/K69,O69="F2345손절",U69/K69,O69="F34손절",U69/L69,O69="F345손절",U69/L69)-1,"")}
A70: 금강공업 | B70: 7160 | C70: =IFERROR($X$1*10000/D70,"") | E70: =IFERROR(D70/B70-1,"") -> -1 | J70: =IFERROR(G70/F70-1,"") | K70: =IFERROR(ROUND($F70+($G70-$F70)*0.632,0),"") -> 0 | L70: =IFERROR(ROUND($F70+($G70-$F70)*0.5,0),"") -> 0 | M70: =IFERROR(ROUND($F70+($G70-$F70)*0.368,0),"") -> 0 | N70: =IFERROR(ROUND($F70+($G70-$F70)*0.214,0),"") -> 0 | V70: {=IFERROR(_xlfn.IFS(O70="F2",U70/K70,O70="F23",U70/L70,O70="F234",U70/M70,O70="F3",U70/L70,O70="F34",U70/M70,O70="F234손절",U70/K70,O70="F2345손절",U70/K70,O70="F34손절",U70/L70,O70="F345손절",U70/L70)-1,"")}
A71: 덕신하우징 | B71: 2605 | C71: =IFERROR($X$1*10000/D71,"") | E71: =IFERROR(D71/B71-1,"") -> -1 | J71: =IFERROR(G71/F71-1,"") | K71: =IFERROR(ROUND($F71+($G71-$F71)*0.632,0),"") -> 0 | L71: =IFERROR(ROUND($F71+($G71-$F71)*0.5,0),"") -> 0 | M71: =IFERROR(ROUND($F71+($G71-$F71)*0.368,0),"") -> 0 | N71: =IFERROR(ROUND($F71+($G71-$F71)*0.214,0),"") -> 0 | V71: {=IFERROR(_xlfn.IFS(O71="F2",U71/K71,O71="F23",U71/L71,O71="F234",U71/M71,O71="F3",U71/L71,O71="F34",U71/M71,O71="F234손절",U71/K71,O71="F2345손절",U71/K71,O71="F34손절",U71/L71,O71="F345손절",U71/L71)-1,"")}
C72: =IFERROR($X$1*10000/D72,"") | E72: =IFERROR(D72/B72-1,"") | J72: =IFERROR(G72/F72-1,"") | K72: =IFERROR(ROUND($F72+($G72-$F72)*0.632,0),"") -> 0 | L72: =IFERROR(ROUND($F72+($G72-$F72)*0.5,0),"") -> 0 | M72: =IFERROR(ROUND($F72+($G72-$F72)*0.368,0),"") -> 0 | N72: =IFERROR(ROUND($F72+($G72-$F72)*0.214,0),"") -> 0 | V72: {=IFERROR(_xlfn.IFS(O72="F2",U72/K72,O72="F23",U72/L72,O72="F234",U72/M72,O72="F3",U72/L72,O72="F34",U72/M72,O72="F234손절",U72/K72,O72="F2345손절",U72/K72,O72="F34손절",U72/L72,O72="F345손절",U72/L72)-1,"")}
A73: 보라티알 | B73: 16060 | C73: =IFERROR($X$1*10000/D73,"") | E73: =IFERROR(D73/B73-1,"") -> -1 | J73: =IFERROR(G73/F73-1,"") | K73: =IFERROR(ROUND($F73+($G73-$F73)*0.632,0),"") -> 0 | L73: =IFERROR(ROUND($F73+($G73-$F73)*0.5,0),"") -> 0 | M73: =IFERROR(ROUND($F73+($G73-$F73)*0.368,0),"") -> 0 | N73: =IFERROR(ROUND($F73+($G73-$F73)*0.214,0),"") -> 0 | V73: {=IFERROR(_xlfn.IFS(O73="F2",U73/K73,O73="F23",U73/L73,O73="F234",U73/M73,O73="F3",U73/L73,O73="F34",U73/M73,O73="F234손절",U73/K73,O73="F2345손절",U73/K73,O73="F34손절",U73/L73,O73="F345손절",U73/L73)-1,"")}
A74: 신송홀딩스 | B74: 10210 | C74: =IFERROR($X$1*10000/D74,"") | E74: =IFERROR(D74/B74-1,"") -> -1 | J74: =IFERROR(G74/F74-1,"") | K74: =COUNTIFS('F series'!T83:T96,#REF!, 'F series'!O83:O96,#REF!) -> 0 | L74: =IFERROR(ROUND($F74+($G74-$F74)*0.5,0),"") -> 0 | M74: =IFERROR(ROUND($F74+($G74-$F74)*0.368,0),"") -> 0 | N74: =IFERROR(ROUND($F74+($G74-$F74)*0.214,0),"") -> 0 | V74: {=IFERROR(_xlfn.IFS(O74="F2",U74/K74,O74="F23",U74/L74,O74="F234",U74/M74,O74="F3",U74/L74,O74="F34",U74/M74,O74="F234손절",U74/K74,O74="F2345손절",U74/K74,O74="F34손절",U74/L74,O74="F345손절",U74/L74)-1,"")}
A75: 인산가 | B75: 2505 | C75: =IFERROR($X$1*10000/D75,"") | E75: =IFERROR(D75/B75-1,"") -> -1 | J75: =IFERROR(G75/F75-1,"") | K75: =IFERROR(ROUND($F75+($G75-$F75)*0.632,0),"") -> 0 | L75: =IFERROR(ROUND($F75+($G75-$F75)*0.5,0),"") -> 0 | M75: =IFERROR(ROUND($F75+($G75-$F75)*0.368,0),"") -> 0 | N75: =IFERROR(ROUND($F75+($G75-$F75)*0.214,0),"") -> 0 | V75: {=IFERROR(_xlfn.IFS(O75="F2",U75/K75,O75="F23",U75/L75,O75="F234",U75/M75,O75="F3",U75/L75,O75="F34",U75/M75,O75="F234손절",U75/K75,O75="F2345손절",U75/K75,O75="F34손절",U75/L75,O75="F345손절",U75/L75)-1,"")}
A76: 위드텍 | B76: 14860 | C76: =IFERROR($X$1*10000/D76,"") | E76: =IFERROR(D76/B76-1,"") -> -1 | J76: =IFERROR(G76/F76-1,"") | K76: =IFERROR(ROUND($F76+($G76-$F76)*0.632,0),"") -> 0 | L76: =IFERROR(ROUND($F76+($G76-$F76)*0.5,0),"") -> 0 | M76: =IFERROR(ROUND($F76+($G76-$F76)*0.368,0),"") -> 0 | N76: =IFERROR(ROUND($F76+($G76-$F76)*0.214,0),"") -> 0 | V76: {=IFERROR(_xlfn.IFS(O76="F2",U76/K76,O76="F23",U76/L76,O76="F234",U76/M76,O76="F3",U76/L76,O76="F34",U76/M76,O76="F234손절",U76/K76,O76="F2345손절",U76/K76,O76="F34손절",U76/L76,O76="F345손절",U76/L76)-1,"")}
C77: =IFERROR($X$1*10000/D77,"") | E77: =IFERROR(D77/B77-1,"") | J77: =IFERROR(G77/F77-1,"") | K77: =IFERROR(ROUND($F77+($G77-$F77)*0.632,0),"") -> 0 | L77: =IFERROR(ROUND($F77+($G77-$F77)*0.5,0),"") -> 0 | M77: =IFERROR(ROUND($F77+($G77-$F77)*0.368,0),"") -> 0 | N77: =IFERROR(ROUND($F77+($G77-$F77)*0.214,0),"") -> 0 | V77: {=IFERROR(_xlfn.IFS(O77="F2",U77/K77,O77="F23",U77/L77,O77="F234",U77/M77,O77="F3",U77/L77,O77="F34",U77/M77,O77="F234손절",U77/K77,O77="F2345손절",U77/K77,O77="F34손절",U77/L77,O77="F345손절",U77/L77)-1,"")}
A78: 화천기계 | B78: 4210 | C78: =IFERROR($X$1*10000/D78,"") | E78: =IFERROR(D78/B78-1,"") -> -1 | J78: =IFERROR(G78/F78-1,"") | K78: =IFERROR(ROUND($F78+($G78-$F78)*0.632,0),"") -> 0 | L78: =IFERROR(ROUND($F78+($G78-$F78)*0.5,0),"") -> 0 | M78: =IFERROR(ROUND($F78+($G78-$F78)*0.368,0),"") -> 0 | N78: =IFERROR(ROUND($F78+($G78-$F78)*0.214,0),"") -> 0 | V78: {=IFERROR(_xlfn.IFS(O78="F2",U78/K78,O78="F23",U78/L78,O78="F234",U78/M78,O78="F3",U78/L78,O78="F34",U78/M78,O78="F234손절",U78/K78,O78="F2345손절",U78/K78,O78="F34손절",U78/L78,O78="F345손절",U78/L78)-1,"")}
A79: 오파스넷 | B79: 12740 | C79: =IFERROR($X$1*10000/D79,"") | E79: =IFERROR(D79/B79-1,"") -> -1 | J79: =IFERROR(G79/F79-1,"") | K79: =IFERROR(ROUND($F79+($G79-$F79)*0.632,0),"") -> 0 | L79: =IFERROR(ROUND($F79+($G79-$F79)*0.5,0),"") -> 0 | M79: =IFERROR(ROUND($F79+($G79-$F79)*0.368,0),"") -> 0 | N79: =IFERROR(ROUND($F79+($G79-$F79)*0.214,0),"") -> 0 | V79: {=IFERROR(_xlfn.IFS(O79="F2",U79/K79,O79="F23",U79/L79,O79="F234",U79/M79,O79="F3",U79/L79,O79="F34",U79/M79,O79="F234손절",U79/K79,O79="F2345손절",U79/K79,O79="F34손절",U79/L79,O79="F345손절",U79/L79)-1,"")}
C80: =IFERROR($X$1*10000/D80,"") | E80: =IFERROR(D80/B80-1,"") | J80: =IFERROR(G80/F80-1,"") | K80: =IFERROR(ROUND($F80+($G80-$F80)*0.632,0),"") -> 0 | L80: =IFERROR(ROUND($F80+($G80-$F80)*0.5,0),"") -> 0 | M80: =IFERROR(ROUND($F80+($G80-$F80)*0.368,0),"") -> 0 | N80: =IFERROR(ROUND($F80+($G80-$F80)*0.214,0),"") -> 0 | V80: {=IFERROR(_xlfn.IFS(O80="F2",U80/K80,O80="F23",U80/L80,O80="F234",U80/M80,O80="F3",U80/L80,O80="F34",U80/M80,O80="F234손절",U80/K80,O80="F2345손절",U80/K80,O80="F34손절",U80/L80,O80="F345손절",U80/L80)-1,"")}
A81: KG모빌리언스 | B81: 6730 | C81: =IFERROR($X$1*10000/D81,"") | E81: =IFERROR(D81/B81-1,"") -> -1 | F81: 5810 | G81: 9010 | H81: 45105 | I81: +1 | J81: =IFERROR(G81/F81-1,"") -> 0.55077453 | K81: =IFERROR(ROUND($F81+($G81-$F81)*0.632,0),"") -> 7832 | L81: =IFERROR(ROUND($F81+($G81-$F81)*0.5,0),"") -> 7410 | M81: =IFERROR(ROUND($F81+($G81-$F81)*0.368,0),"") -> 6988 | N81: =IFERROR(ROUND($F81+($G81-$F81)*0.214,0),"") -> 6495 | Q81: +4 | R81: +2 | V81: {=IFERROR(_xlfn.IFS(O81="F2",U81/K81,O81="F23",U81/L81,O81="F234",U81/M81,O81="F3",U81/L81,O81="F34",U81/M81,O81="F234손절",U81/K81,O81="F2345손절",U81/K81,O81="F34손절",U81/L81,O81="F345손절",U81/L81)-1,"")}
A82: 하인크코리아 | B82: 5600 | C82: =IFERROR($X$1*10000/D82,"") | E82: =IFERROR(D82/B82-1,"") -> -1 | J82: =IFERROR(G82/F82-1,"") | K82: =COUNTIFS('F series'!T90:T96,#REF!, 'F series'!O90:O96,#REF!) -> 0 | L82: =IFERROR(ROUND($F82+($G82-$F82)*0.5,0),"") -> 0 | M82: =IFERROR(ROUND($F82+($G82-$F82)*0.368,0),"") -> 0 | N82: =IFERROR(ROUND($F82+($G82-$F82)*0.214,0),"") -> 0 | V82: {=IFERROR(_xlfn.IFS(O82="F2",U82/K82,O82="F23",U82/L82,O82="F234",U82/M82,O82="F3",U82/L82,O82="F34",U82/M82,O82="F234손절",U82/K82,O82="F2345손절",U82/K82,O82="F34손절",U82/L82,O82="F345손절",U82/L82)-1,"")}
C83: =IFERROR($X$1*10000/D83,"") | E83: =IFERROR(D83/B83-1,"") | J83: =IFERROR(G83/F83-1,"") | K83: =IFERROR(ROUND($F83+($G83-$F83)*0.632,0),"") -> 0 | L83: =IFERROR(ROUND($F83+($G83-$F83)*0.5,0),"") -> 0 | M83: =IFERROR(ROUND($F83+($G83-$F83)*0.368,0),"") -> 0 | N83: =IFERROR(ROUND($F83+($G83-$F83)*0.214,0),"") -> 0 | V83: {=IFERROR(_xlfn.IFS(O83="F2",U83/K83,O83="F23",U83/L83,O83="F234",U83/M83,O83="F3",U83/L83,O83="F34",U83/M83,O83="F234손절",U83/K83,O83="F2345손절",U83/K83,O83="F34손절",U83/L83,O83="F345손절",U83/L83)-1,"")}
A84: 동국홀딩스 | B84: 17690 | C84: =IFERROR($X$1*10000/D84,"") | E84: =IFERROR(D84/B84-1,"") -> -1 | J84: =IFERROR(G84/F84-1,"") | K84: =IFERROR(ROUND($F84+($G84-$F84)*0.632,0),"") -> 0 | L84: =IFERROR(ROUND($F84+($G84-$F84)*0.5,0),"") -> 0 | M84: =IFERROR(ROUND($F84+($G84-$F84)*0.368,0),"") -> 0 | N84: =IFERROR(ROUND($F84+($G84-$F84)*0.214,0),"") -> 0 | V84: {=IFERROR(_xlfn.IFS(O84="F2",U84/K84,O84="F23",U84/L84,O84="F234",U84/M84,O84="F3",U84/L84,O84="F34",U84/M84,O84="F234손절",U84/K84,O84="F2345손절",U84/K84,O84="F34손절",U84/L84,O84="F345손절",U84/L84)-1,"")}
A85: 랩지노믹스 | B85: 8200 | C85: =IFERROR($X$1*10000/D85,"") | E85: =IFERROR(D85/B85-1,"") -> -1 | F85: 6810 | G85: 갱신 | J85: =IFERROR(G85/F85-1,"") | K85: =IFERROR(ROUND($F85+($G85-$F85)*0.632,0),"") | L85: =IFERROR(ROUND($F85+($G85-$F85)*0.5,0),"") | M85: =IFERROR(ROUND($F85+($G85-$F85)*0.368,0),"") | N85: =IFERROR(ROUND($F85+($G85-$F85)*0.214,0),"") | V85: {=IFERROR(_xlfn.IFS(O85="F2",U85/K85,O85="F23",U85/L85,O85="F234",U85/M85,O85="F3",U85/L85,O85="F34",U85/M85,O85="F234손절",U85/K85,O85="F2345손절",U85/K85,O85="F34손절",U85/L85,O85="F345손절",U85/L85)-1,"")}
A86: 우양 | B86: 4885 | C86: =IFERROR($X$1*10000/D86,"") | E86: =IFERROR(D86/B86-1,"") -> -1 | J86: =IFERROR(G86/F86-1,"") | K86: =IFERROR(ROUND($F86+($G86-$F86)*0.632,0),"") -> 0 | L86: =IFERROR(ROUND($F86+($G86-$F86)*0.5,0),"") -> 0 | M86: =IFERROR(ROUND($F86+($G86-$F86)*0.368,0),"") -> 0 | N86: =IFERROR(ROUND($F86+($G86-$F86)*0.214,0),"") -> 0 | V86: {=IFERROR(_xlfn.IFS(O86="F2",U86/K86,O86="F23",U86/L86,O86="F234",U86/M86,O86="F3",U86/L86,O86="F34",U86/M86,O86="F234손절",U86/K86,O86="F2345손절",U86/K86,O86="F34손절",U86/L86,O86="F345손절",U86/L86)-1,"")}
A87: 필옵틱스 | B87: 14610 | C87: =IFERROR($X$1*10000/D87,"") -> 39.0625 | D87: 12800 | E87: =IFERROR(D87/B87-1,"") -> -0.12388775 | F87: 10170 | G87: 15430 | H87: 45103 | I87: +7 | J87: =IFERROR(G87/F87-1,"") -> 0.51720747 | K87: =IFERROR(ROUND($F87+($G87-$F87)*0.632,0),"") -> 13494 | L87: =IFERROR(ROUND($F87+($G87-$F87)*0.5,0),"") -> 12800 | M87: =IFERROR(ROUND($F87+($G87-$F87)*0.368,0),"") -> 12106 | N87: =IFERROR(ROUND($F87+($G87-$F87)*0.214,0),"") -> 11296 | V87: {=IFERROR(_xlfn.IFS(O87="F2",U87/K87,O87="F23",U87/L87,O87="F234",U87/M87,O87="F3",U87/L87,O87="F34",U87/M87,O87="F234손절",U87/K87,O87="F2345손절",U87/K87,O87="F34손절",U87/L87,O87="F345손절",U87/L87)-1,"")}
A88: 유니퀘스트 | B88: 15500 | C88: =IFERROR($X$1*10000/D88,"") | E88: =IFERROR(D88/B88-1,"") -> -1 | J88: =IFERROR(G88/F88-1,"") | K88: =IFERROR(ROUND($F88+($G88-$F88)*0.632,0),"") -> 0 | L88: =IFERROR(ROUND($F88+($G88-$F88)*0.5,0),"") -> 0 | M88: =IFERROR(ROUND($F88+($G88-$F88)*0.368,0),"") -> 0 | N88: =IFERROR(ROUND($F88+($G88-$F88)*0.214,0),"") -> 0 | V88: {=IFERROR(_xlfn.IFS(O88="F2",U88/K88,O88="F23",U88/L88,O88="F234",U88/M88,O88="F3",U88/L88,O88="F34",U88/M88,O88="F234손절",U88/K88,O88="F2345손절",U88/K88,O88="F34손절",U88/L88,O88="F345손절",U88/L88)-1,"")}
A89: 웨이버스 | B89: 1827 | C89: =IFERROR($X$1*10000/D89,"") | E89: =IFERROR(D89/B89-1,"") -> -1 | J89: =IFERROR(G89/F89-1,"") | K89: =COUNTIFS('F series'!T97:T97,#REF!, 'F series'!O97:O97,#REF!) -> 0 | L89: =IFERROR(ROUND($F89+($G89-$F89)*0.5,0),"") -> 0 | M89: =IFERROR(ROUND($F89+($G89-$F89)*0.368,0),"") -> 0 | N89: =IFERROR(ROUND($F89+($G89-$F89)*0.214,0),"") -> 0 | V89: {=IFERROR(_xlfn.IFS(O89="F2",U89/K89,O89="F23",U89/L89,O89="F234",U89/M89,O89="F3",U89/L89,O89="F34",U89/M89,O89="F234손절",U89/K89,O89="F2345손절",U89/K89,O89="F34손절",U89/L89,O89="F345손절",U89/L89)-1,"")}
A90: HB솔루션 | B90: 19200 | C90: =IFERROR($X$1*10000/D90,"") | E90: =IFERROR(D90/B90-1,"") -> -1 | J90: =IFERROR(G90/F90-1,"") | K90: =IFERROR(ROUND($F90+($G90-$F90)*0.632,0),"") -> 0 | L90: =IFERROR(ROUND($F90+($G90-$F90)*0.5,0),"") -> 0 | M90: =IFERROR(ROUND($F90+($G90-$F90)*0.368,0),"") -> 0 | N90: =IFERROR(ROUND($F90+($G90-$F90)*0.214,0),"") -> 0 | V90: {=IFERROR(_xlfn.IFS(O90="F2",U90/K90,O90="F23",U90/L90,O90="F234",U90/M90,O90="F3",U90/L90,O90="F34",U90/M90,O90="F234손절",U90/K90,O90="F2345손절",U90/K90,O90="F34손절",U90/L90,O90="F345손절",U90/L90)-1,"")}
A91: 동운아나텍 | B91: 26050 | C91: =IFERROR($X$1*10000/D91,"") | E91: =IFERROR(D91/B91-1,"") -> -1 | J91: =IFERROR(G91/F91-1,"") | K91: =IFERROR(ROUND($F91+($G91-$F91)*0.632,0),"") -> 0 | L91: =IFERROR(ROUND($F91+($G91-$F91)*0.5,0),"") -> 0 | M91: =IFERROR(ROUND($F91+($G91-$F91)*0.368,0),"") -> 0 | N91: =IFERROR(ROUND($F91+($G91-$F91)*0.214,0),"") -> 0 | V91: {=IFERROR(_xlfn.IFS(O91="F2",U91/K91,O91="F23",U91/L91,O91="F234",U91/M91,O91="F3",U91/L91,O91="F34",U91/M91,O91="F234손절",U91/K91,O91="F2345손절",U91/K91,O91="F34손절",U91/L91,O91="F345손절",U91/L91)-1,"")}
A92: 케이알엠 | B92: 8280 | C92: =IFERROR($X$1*10000/D92,"") | E92: =IFERROR(D92/B92-1,"") -> -1 | J92: =IFERROR(G92/F92-1,"") | K92: =IFERROR(ROUND($F92+($G92-$F92)*0.632,0),"") -> 0 | L92: =IFERROR(ROUND($F92+($G92-$F92)*0.5,0),"") -> 0 | M92: =IFERROR(ROUND($F92+($G92-$F92)*0.368,0),"") -> 0 | N92: =IFERROR(ROUND($F92+($G92-$F92)*0.214,0),"") -> 0 | V92: {=IFERROR(_xlfn.IFS(O92="F2",U92/K92,O92="F23",U92/L92,O92="F234",U92/M92,O92="F3",U92/L92,O92="F34",U92/M92,O92="F234손절",U92/K92,O92="F2345손절",U92/K92,O92="F34손절",U92/L92,O92="F345손절",U92/L92)-1,"")}
A93: 지아이이노베이션 | B93: 16640 | C93: =IFERROR($X$1*10000/D93,"") | E93: =IFERROR(D93/B93-1,"") -> -1 | J93: =IFERROR(G93/F93-1,"") | K93: =IFERROR(ROUND($F93+($G93-$F93)*0.632,0),"") -> 0 | L93: =IFERROR(ROUND($F93+($G93-$F93)*0.5,0),"") -> 0 | M93: =IFERROR(ROUND($F93+($G93-$F93)*0.368,0),"") -> 0 | N93: =IFERROR(ROUND($F93+($G93-$F93)*0.214,0),"") -> 0 | V93: {=IFERROR(_xlfn.IFS(O93="F2",U93/K93,O93="F23",U93/L93,O93="F234",U93/M93,O93="F3",U93/L93,O93="F34",U93/M93,O93="F234손절",U93/K93,O93="F2345손절",U93/K93,O93="F34손절",U93/L93,O93="F345손절",U93/L93)-1,"")}
C94: =IFERROR($X$1*10000/D94,"") | E94: =IFERROR(D94/B94-1,"") | J94: =IFERROR(G94/F94-1,"") | K94: =IFERROR(ROUND($F94+($G94-$F94)*0.632,0),"") -> 0 | L94: =IFERROR(ROUND($F94+($G94-$F94)*0.5,0),"") -> 0 | M94: =IFERROR(ROUND($F94+($G94-$F94)*0.368,0),"") -> 0 | N94: =IFERROR(ROUND($F94+($G94-$F94)*0.214,0),"") -> 0 | V94: {=IFERROR(_xlfn.IFS(O94="F2",U94/K94,O94="F23",U94/L94,O94="F234",U94/M94,O94="F3",U94/L94,O94="F34",U94/M94,O94="F234손절",U94/K94,O94="F2345손절",U94/K94,O94="F34손절",U94/L94,O94="F345손절",U94/L94)-1,"")}
C95: =IFERROR($X$1*10000/D95,"") | E95: =IFERROR(D95/B95-1,"") | J95: =IFERROR(G95/F95-1,"") | K95: =IFERROR(ROUND($F95+($G95-$F95)*0.632,0),"") -> 0 | L95: =IFERROR(ROUND($F95+($G95-$F95)*0.5,0),"") -> 0 | M95: =IFERROR(ROUND($F95+($G95-$F95)*0.368,0),"") -> 0 | N95: =IFERROR(ROUND($F95+($G95-$F95)*0.214,0),"") -> 0 | V95: {=IFERROR(_xlfn.IFS(O95="F2",U95/K95,O95="F23",U95/L95,O95="F234",U95/M95,O95="F3",U95/L95,O95="F34",U95/M95,O95="F234손절",U95/K95,O95="F2345손절",U95/K95,O95="F34손절",U95/L95,O95="F345손절",U95/L95)-1,"")}
C96: =IFERROR($X$1*10000/D96,"") | E96: =IFERROR(D96/B96-1,"") | J96: =IFERROR(G96/F96-1,"") | K96: =COUNTIFS('F series'!T97:T99,#REF!, 'F series'!O97:O99,#REF!) -> 0 | L96: =IFERROR(ROUND($F96+($G96-$F96)*0.5,0),"") -> 0 | M96: =IFERROR(ROUND($F96+($G96-$F96)*0.368,0),"") -> 0 | N96: =IFERROR(ROUND($F96+($G96-$F96)*0.214,0),"") -> 0 | V96: {=IFERROR(_xlfn.IFS(O96="F2",U96/K96,O96="F23",U96/L96,O96="F234",U96/M96,O96="F3",U96/L96,O96="F34",U96/M96,O96="F234손절",U96/K96,O96="F2345손절",U96/K96,O96="F34손절",U96/L96,O96="F345손절",U96/L96)-1,"")}
C97: =IFERROR($X$1*10000/D97,"") | E97: =IFERROR(D97/B97-1,"") | J97: =IFERROR(G97/F97-1,"") | K97: =IFERROR(ROUND($F97+($G97-$F97)*0.632,0),"") -> 0 | L97: =IFERROR(ROUND($F97+($G97-$F97)*0.5,0),"") -> 0 | M97: =IFERROR(ROUND($F97+($G97-$F97)*0.368,0),"") -> 0 | N97: =IFERROR(ROUND($F97+($G97-$F97)*0.214,0),"") -> 0 | V97: {=IFERROR(_xlfn.IFS(O97="F2",U97/K97,O97="F23",U97/L97,O97="F234",U97/M97,O97="F3",U97/L97,O97="F34",U97/M97,O97="F234손절",U97/K97,O97="F2345손절",U97/K97,O97="F34손절",U97/L97,O97="F345손절",U97/L97)-1,"")}
C98: =IFERROR($X$1*10000/D98,"") | E98: =IFERROR(D98/B98-1,"") | J98: =IFERROR(G98/F98-1,"") | K98: =IFERROR(ROUND($F98+($G98-$F98)*0.632,0),"") -> 0 | L98: =IFERROR(ROUND($F98+($G98-$F98)*0.5,0),"") -> 0 | M98: =IFERROR(ROUND($F98+($G98-$F98)*0.368,0),"") -> 0 | N98: =IFERROR(ROUND($F98+($G98-$F98)*0.214,0),"") -> 0 | V98: {=IFERROR(_xlfn.IFS(O98="F2",U98/K98,O98="F23",U98/L98,O98="F234",U98/M98,O98="F3",U98/L98,O98="F34",U98/M98,O98="F234손절",U98/K98,O98="F2345손절",U98/K98,O98="F34손절",U98/L98,O98="F345손절",U98/L98)-1,"")}
C99: =IFERROR($X$1*10000/D99,"") | E99: =IFERROR(D99/B99-1,"") | J99: =IFERROR(G99/F99-1,"") | K99: =IFERROR(ROUND($F99+($G99-$F99)*0.632,0),"") -> 0 | L99: =IFERROR(ROUND($F99+($G99-$F99)*0.5,0),"") -> 0 | M99: =IFERROR(ROUND($F99+($G99-$F99)*0.368,0),"") -> 0 | N99: =IFERROR(ROUND($F99+($G99-$F99)*0.214,0),"") -> 0 | V99: {=IFERROR(_xlfn.IFS(O99="F2",U99/K99,O99="F23",U99/L99,O99="F234",U99/M99,O99="F3",U99/L99,O99="F34",U99/M99,O99="F234손절",U99/K99,O99="F2345손절",U99/K99,O99="F34손절",U99/L99,O99="F345손절",U99/L99)-1,"")}

Sheet R series
A1: UL date | B1: Corp. | C1: R0 | D1: R1 | E1: R2 | F1: R3 | G1: R Series | H1: buy1 | I1: buy2 | J1: sell | K1: sell date | L1: sell price | M1: rbn rate | O1: sell
A2: 45103 | B2: 동운아나텍 | C2: 15990 | D2: =F2+(C2-F2)*2/3 -> 14760 | E2: =F2+(C2-F2)*1/3 -> 13530 | F2: 12300 | G2: time over | M2: =IFERROR(IF(G2="R1성공", L2/D2, IF(G2="R1탈출", L2/D2, IF(G2="R12탈출", L2/AVERAGE(D2:E2), IF(G2="R123손절", L2/(D2+E2)/2, ""))))-1,"")
A3: 45104 | B3: 카페24 | C3: 15390 | D3: =F3+(C3-F3)*2/3 -> 14206.667 | E3: =F3+(C3-F3)*1/3 -> 13023.333 | F3: 11840 | G3: R1성공 | H3: +3 | J3: +2 | K3: 45111 | L3: 15800 | M3: =IFERROR(IF(G3="R1성공", L3/D3, IF(G3="R1탈출", L3/D3, IF(G3="R12탈출", L3/AVERAGE(D3:E3), IF(G3="R123손절", L3/(D3+E3)/2, ""))))-1,"") -> 0.11215392
A4: 45104 | B4: 에이디엠코리아 | C4: 3015 | D4: =F4+(C4-F4)*2/3 -> 2783.3333 | E4: =F4+(C4-F4)*1/3 -> 2551.6667 | F4: 2320 | M4: =IFERROR(IF(G4="R1성공", L4/D4, IF(G4="R1탈출", L4/D4, IF(G4="R12탈출", L4/AVERAGE(D4:E4), IF(G4="R123손절", L4/(D4+E4)/2, ""))))-1,"")
A5: 45106 | B5: 파이버프로 | C5: 5100 | D5: =F5+(C5-F5)*2/3 -> 4708.3333 | E5: =F5+(C5-F5)*1/3 -> 4316.6667 | F5: 3925 | H5: +4 | M5: =IFERROR(IF(G5="R1성공", L5/D5, IF(G5="R1탈출", L5/D5, IF(G5="R12탈출", L5/AVERAGE(D5:E5), IF(G5="R123손절", L5/(D5+E5)/2, ""))))-1,"")
A6: 45100 | B6: SG | C6: 1512 | D6: =F6+(C6-F6)*2/3 -> 1663 | E6: =F6+(C6-F6)*1/3 -> 1814 | F6: 1965 | G6: R1탈출 | H6: +4 | J6: +2 | K6: 45110 | L6: 1777 | M6: =IFERROR(IF(G6="R1성공", L6/D6, IF(G6="R1탈출", L6/D6, IF(G6="R12탈출", L6/AVERAGE(D6:E6), IF(G6="R123손절", L6/(D6+E6)/2, ""))))-1,"") -> 0.068550812
A7: 45111 | B7: 알멕 | C7: 137200 | D7: =F7+(C7-F7)*2/3 -> 91466.667 | E7: =F7+(C7-F7)*1/3 -> 45733.333 | M7: =IFERROR(IF(G7="R1성공", L7/D7, IF(G7="R1탈출", L7/D7, IF(G7="R12탈출", L7/AVERAGE(D7:E7), IF(G7="R123손절", L7/(D7+E7)/2, ""))))-1,"")
A8: 45111 | B8: 대원강업 | C8: 5850 | D8: =F8+(C8-F8)*2/3 -> 5400 | E8: =F8+(C8-F8)*1/3 -> 4950 | F8: 4500 | M8: =IFERROR(IF(G8="R1성공", L8/D8, IF(G8="R1탈출", L8/D8, IF(G8="R12탈출", L8/AVERAGE(D8:E8), IF(G8="R123손절", L8/(D8+E8)/2, ""))))-1,"")
A9: 45112 | B9: 포커스에이치엔에스 | D9: =F9+(C9-F9)*2/3 -> 0 | E9: =F9+(C9-F9)*1/3 -> 0 | G9: 약한상 | M9: =IFERROR(IF(G9="R1성공", L9/D9, IF(G9="R1탈출", L9/D9, IF(G9="R12탈출", L9/AVERAGE(D9:E9), IF(G9="R123손절", L9/(D9+E9)/2, ""))))-1,"")
A10: 45112 | B10: 한일화학 | C10: 26700 | D10: =F10+(C10-F10)*2/3 -> 24650 | E10: =F10+(C10-F10)*1/3 -> 22600 | F10: 20550 | G10: R1성공 | H10: +2 | J10: +0 | K10: 45114 | L10: 30500 | M10: =IFERROR(IF(G10="R1성공", L10/D10, IF(G10="R1탈출", L10/D10, IF(G10="R12탈출", L10/AVERAGE(D10:E10), IF(G10="R123손절", L10/(D10+E10)/2, ""))))-1,"") -> 0.23732252
A11: 45114 | B11: 다산네트웍스 | C11: 6890 | D11: =F11+(C11-F11)*2/3 -> 6360 | E11: =F11+(C11-F11)*1/3 -> 5830 | F11: 5300 | M11: =IFERROR(IF(G11="R1성공", L11/D11, IF(G11="R1탈출", L11/D11, IF(G11="R12탈출", L11/AVERAGE(D11:E11), IF(G11="R123손절", L11/(D11+E11)/2, ""))))-1,"")
D12: =F12+(C12-F12)*2/3 -> 0 | E12: =F12+(C12-F12)*1/3 -> 0 | M12: =IFERROR(IF(G12="R1성공", L12/D12, IF(G12="R1탈출", L12/D12, IF(G12="R12탈출", L12/AVERAGE(D12:E12), IF(G12="R123손절", L12/(D12+E12)/2, ""))))-1,"")
D13: =F13+(C13-F13)*2/3 -> 0 | E13: =F13+(C13-F13)*1/3 -> 0 | M13: =IFERROR(IF(G13="R1성공", L13/D13, IF(G13="R1탈출", L13/D13, IF(G13="R12탈출", L13/AVERAGE(D13:E13), IF(G13="R123손절", L13/(D13+E13)/2, ""))))-1,"")
D14: =F14+(C14-F14)*2/3 -> 0 | E14: =F14+(C14-F14)*1/3 -> 0 | M14: =IFERROR(IF(G14="R1성공", L14/D14, IF(G14="R1탈출", L14/D14, IF(G14="R12탈출", L14/AVERAGE(D14:E14), IF(G14="R123손절", L14/(D14+E14)/2, ""))))-1,"")
D15: =F15+(C15-F15)*2/3 -> 0 | E15: =F15+(C15-F15)*1/3 -> 0 | M15: =IFERROR(IF(G15="R1성공", L15/D15, IF(G15="R1탈출", L15/D15, IF(G15="R12탈출", L15/AVERAGE(D15:E15), IF(G15="R123손절", L15/(D15+E15)/2, ""))))-1,"")
D16: =F16+(C16-F16)*2/3 -> 0 | E16: =F16+(C16-F16)*1/3 -> 0 | M16: =IFERROR(IF(G16="R1성공", L16/D16, IF(G16="R1탈출", L16/D16, IF(G16="R12탈출", L16/AVERAGE(D16:E16), IF(G16="R123손절", L16/(D16+E16)/2, ""))))-1,"")
D17: =F17+(C17-F17)*2/3 -> 0 | E17: =F17+(C17-F17)*1/3 -> 0 | M17: =IFERROR(IF(G17="R1성공", L17/D17, IF(G17="R1탈출", L17/D17, IF(G17="R12탈출", L17/AVERAGE(D17:E17), IF(G17="R123손절", L17/(D17+E17)/2, ""))))-1,"")
D18: =F18+(C18-F18)*2/3 -> 0 | E18: =F18+(C18-F18)*1/3 -> 0 | M18: =IFERROR(IF(G18="R1성공", L18/D18, IF(G18="R1탈출", L18/D18, IF(G18="R12탈출", L18/AVERAGE(D18:E18), IF(G18="R123손절", L18/(D18+E18)/2, ""))))-1,"")
D19: =F19+(C19-F19)*2/3 -> 0 | E19: =F19+(C19-F19)*1/3 -> 0 | M19: =IFERROR(IF(G19="R1성공", L19/D19, IF(G19="R1탈출", L19/D19, IF(G19="R12탈출", L19/AVERAGE(D19:E19), IF(G19="R123손절", L19/(D19+E19)/2, ""))))-1,"")
D20: =F20+(C20-F20)*2/3 -> 0 | E20: =F20+(C20-F20)*1/3 -> 0 | M20: =IFERROR(IF(G20="R1성공", L20/D20, IF(G20="R1탈출", L20/D20, IF(G20="R12탈출", L20/AVERAGE(D20:E20), IF(G20="R123손절", L20/(D20+E20)/2, ""))))-1,"")
D21: =F21+(C21-F21)*2/3 -> 0 | E21: =F21+(C21-F21)*1/3 -> 0 | M21: =IFERROR(IF(G21="R1성공", L21/D21, IF(G21="R1탈출", L21/D21, IF(G21="R12탈출", L21/AVERAGE(D21:E21), IF(G21="R123손절", L21/(D21+E21)/2, ""))))-1,"")
D22: =F22+(C22-F22)*2/3 -> 0 | E22: =F22+(C22-F22)*1/3 -> 0 | M22: =IFERROR(IF(G22="R1성공", L22/D22, IF(G22="R1탈출", L22/D22, IF(G22="R12탈출", L22/AVERAGE(D22:E22), IF(G22="R123손절", L22/(D22+E22)/2, ""))))-1,"")
D23: =F23+(C23-F23)*2/3 -> 0 | E23: =F23+(C23-F23)*1/3 -> 0 | M23: =IFERROR(IF(G23="R1성공", L23/D23, IF(G23="R1탈출", L23/D23, IF(G23="R12탈출", L23/AVERAGE(D23:E23), IF(G23="R123손절", L23/(D23+E23)/2, ""))))-1,"")
... D36: =F36+(C36-F36)*2/3 -> 0 | E36: =F36+(C36-F36)*1/3 -> 0 | M36: =IFERROR(IF(G36="R1성공", L36/D36, IF(G36="R1탈출", L36/D36, IF(G36="R12탈출", L36/AVERAGE(D36:E36), IF(G36="R123손절", L36/(D36+E36)/2, ""))))-1,"")
